Season_End_Year,Wk,Date,Home,HomeGoals,AwayGoals,Away,FTR,Target,Venue_Code,Venue_Code,Opp_Code,Day_Code,Rolling_HomeGoals,Rolling_AwayGoals,Venue_Opp_Interaction,Decayed_Rolling_HomeGoals,Decayed_Rolling_AwayGoals,Home_Advantage,Home_Streak_Wins,Away_Streak_Losses
,,2023-08-11,,,,,,0,0,12,5,4,3.0,0.0,0,3.0,0.0,3.0,,
,,2023-08-19,,,,,,0,1,12,14,5,2.0,0.0,14,1.1818181818181819,0.0,2.0,,
,,2023-08-27,,,,,,0,0,12,16,6,2.0,0.3333333333333333,0,1.918918918918919,0.9009009009009008,1.0,,
,,2023-09-02,,,,,,0,1,12,9,5,2.6666666666666665,0.6666666666666666,9,4.692169216921691,0.99009900990099,1.75,,
,,2023-09-16,,,,,,0,0,12,18,5,3.3333333333333335,1.0,0,3.16920169201692,0.9990099900999009,1.7999999999999998,,
,,2023-09-23,,,,,,0,1,12,15,5,3.3333333333333335,0.6666666666666666,15,2.1169191169191173,0.0999000999001,2.6,,
,,2023-09-30,,,,,,1,0,12,19,5,2.0,1.0,0,1.1116918111691811,1.8099901809990178,0.6000000000000001,,
,,2023-10-08,,,,,,1,0,12,0,6,1.0,1.0,0,0.11116917111169182,1.0809990108099903,1.2000000000000002,,
,,2023-10-21,,,,,,0,1,12,4,5,1.0,1.3333333333333333,4,1.8111169188111167,1.0080999010080998,0.6000000000000001,,
,,2023-10-29,,,,,,0,0,12,13,6,1.6666666666666667,0.6666666666666666,0,2.8811116919881115,0.10080999001008109,1.6,,
,,2023-11-04,,,,,,0,1,12,2,5,3.6666666666666665,0.6666666666666666,2,5.688111169226881,0.9100809990091008,1.4,,
,,2023-11-12,,,,,,2,0,12,6,6,4.333333333333333,1.6666666666666667,0,4.168811116921169,3.691008099903691,-1.0,,
,,2023-11-25,,,,,,2,1,12,10,5,3.6666666666666665,2.0,10,1.316881111691832,1.2691008099901273,2.2,,
,,2023-12-03,,,,,,2,1,12,17,6,2.6666666666666665,2.6666666666666665,17,2.831688111169198,2.826910080999028,0.3999999999999999,,
,,2023-12-06,,,,,,1,0,12,1,2,1.3333333333333333,1.6666666666666667,0,0.28316881111691755,1.1826910080999014,1.7999999999999998,,
,,2023-12-10,,,,,,0,0,12,11,6,1.6666666666666667,1.6666666666666667,0,1.8283168811116917,1.0182691008099902,1.0,,
,,2023-12-16,,,,,,2,1,12,7,5,1.3333333333333333,1.3333333333333333,7,1.9828316881111692,1.9018269100809988,-0.3999999999999999,,
,,2023-12-27,,,,,,0,0,12,8,2,2.3333333333333335,1.3333333333333333,0,2.898283168811117,1.0901826910081,1.0,,
,,2023-12-30,,,,,,0,1,12,16,5,2.3333333333333335,1.0,16,2.089828316881112,0.1090182691008101,1.3,,
,,2024-01-13,,,,,,0,0,12,14,5,2.6666666666666665,1.0,0,2.9089828316881112,1.810901826910081,1.4,,
,,2024-01-31,,,,,,0,1,12,5,2,2.6666666666666665,1.0,5,2.990898283168811,1.0810901826910082,2.1,,
,,2024-02-05,,,,,,0,0,12,3,0,3.0,1.3333333333333333,0,2.999089828316881,1.0081090182691008,1.7999999999999998,,
,,2024-02-10,,,,,,0,1,12,8,5,2.6666666666666665,0.6666666666666666,8,2.099908982831688,0.10081090182691017,2.1,,
,,2024-02-17,,,,,,2,1,12,6,5,2.0,0.6666666666666666,6,1.109990898283169,0.910081090182691,-0.10000000000000009,,
,,2024-02-20,,,,,,0,1,12,3,1,1.3333333333333333,0.3333333333333333,3,1.010999089828317,0.09100810901826918,1.5,,
,,2024-02-24,,,,,,0,0,12,2,5,1.0,0.3333333333333333,0,1.0010999089828319,0.009100810901826926,1.1,,
,,2024-03-03,,,,,,0,1,12,13,6,1.6666666666666667,0.3333333333333333,13,2.8001099908982834,0.9009100810901827,1.1,,
,,2024-03-10,,,,,,2,0,12,10,6,1.6666666666666667,0.6666666666666666,0,1.1800109990898284,0.9900910081090183,0.3999999999999999,,
,,2024-03-31,,,,,,2,1,12,0,6,1.3333333333333333,0.6666666666666666,0,0.11800109990898294,0.09900910081090192,0.7,,
,,2024-04-03,,,,,,0,1,12,1,2,1.6666666666666667,0.6666666666666666,1,3.6118001099908983,0.9099009100810902,0.8,,
,,2024-04-06,,,,,,0,0,12,7,5,2.6666666666666665,1.0,0,3.9611800109990902,1.8909900910081092,0.3999999999999999,,
,,2024-04-13,,,,,,0,1,12,11,5,4.333333333333333,1.3333333333333333,11,4.896118001099909,1.089099009100811,1.7999999999999998,,
,,2024-04-25,,,,,,0,0,12,4,3,4.333333333333333,1.0,0,4.089611800109991,0.1089099009100812,2.9,,
,,2024-04-28,,,,,,0,0,12,15,6,3.6666666666666665,0.3333333333333333,0,2.2089611800109994,0.01089099009100813,3.8,,
,,2024-05-04,,,,,,0,1,12,19,5,3.6666666666666665,0.3333333333333333,19,4.7208961180011,0.9010890990091008,2.5,,
,,2024-05-11,,,,,,0,0,12,9,5,3.6666666666666665,0.3333333333333333,0,4.07208961180011,0.09010890990091017,3.5,,
,,2024-05-14,,,,,,0,0,12,17,1,3.6666666666666665,0.3333333333333333,0,2.207208961180011,0.009010890990091025,1.9,,
,,2024-05-19,,,,,,0,1,12,18,6,3.0,0.3333333333333333,18,2.9207208961180013,0.900901089099009,2.2,,
,,2023-08-12,,,,,,0,1,0,15,5,2.0,1.0,15,2.0,1.0,1.6666666666666667,,
,,2023-08-21,,,,,,0,0,0,7,0,1.5,0.5,0,1.090909090909091,0.09090909090909098,0.16666666666666674,,
,,2023-08-26,,,,,,2,1,0,9,5,1.6666666666666667,1.0,9,1.90990990990991,1.810810810810811,0.6666666666666667,,
,,2023-09-03,,,,,,0,1,0,13,6,2.0,1.0,13,2.8910891089108905,1.0810081008100811,1.3333333333333335,,
,,2023-09-17,,,,,,0,0,0,8,6,2.0,1.0,0,1.1890918909189092,0.10809108091080921,1.4666666666666668,,
,,2023-09-24,,,,,,2,1,0,17,6,2.0,1.0,17,1.9189099189099188,1.8108108108108107,0.1333333333333333,,
,,2023-09-30,,,,,,0,0,0,2,5,2.3333333333333335,0.6666666666666666,0,3.7918911791891174,0.18108091810809193,2.0666666666666664,,
,,2023-10-08,,,,,,0,1,0,12,6,2.3333333333333335,0.6666666666666666,12,1.2791890927918912,0.018108090181080932,2.2,,
,,2023-10-21,,,,,,2,0,0,6,5,2.3333333333333335,0.6666666666666666,0,1.9279189099279188,1.8018108108018105,-0.3333333333333335,,
,,2023-10-28,,,,,,0,1,0,16,5,2.6666666666666665,0.6666666666666666,16,4.692791891269279,0.18018108091801827,2.4666666666666663,,
,,2023-11-04,,,,,,1,0,0,14,5,2.3333333333333335,1.0,0,0.46927918908469324,0.9180181080991803,1.4,,
,,2023-11-11,,,,,,0,1,0,5,5,2.6666666666666665,0.6666666666666666,5,2.746927918910747,0.9918018108099917,1.5333333333333337,,
,,2023-11-25,,,,,,0,0,0,3,5,1.3333333333333333,0.6666666666666666,0,1.1746927918909176,0.09918018108091,1.866666666666667,,
,,2023-12-02,,,,,,0,1,0,19,5,2.0,0.6666666666666666,19,1.917469279189099,0.9099180181080991,0.8666666666666669,,
,,2023-12-05,,,,,,0,0,0,11,1,2.3333333333333335,1.3333333333333333,0,3.791746927918912,2.790991801810812,0.33333333333333326,,
,,2023-12-09,,,,,,1,0,0,1,5,2.0,1.6666666666666667,0,0.37917469279189114,1.179099180181081,1.0,,
,,2023-12-17,,,,,,0,1,0,4,6,2.0,1.3333333333333333,4,1.8379174692791893,0.11790991801810821,1.4666666666666668,,
,,2023-12-23,,,,,,2,0,0,10,5,1.0,0.6666666666666666,0,1.083791746927919,0.9117909918018108,0.8,,
,,2023-12-28,,,,,,1,1,0,18,3,1.0,1.0,18,0.108379174692792,1.891179099180181,0.06666666666666665,,
,,2023-12-31,,,,,,1,0,0,9,6,0.6666666666666666,1.6666666666666667,0,0.9108379174692791,1.989117909918018,-0.44999999999999996,,
,,2024-01-20,,,,,,0,1,0,7,5,2.0,1.3333333333333333,7,4.591083791746928,0.198911790991802,0.8,,
,,2024-01-30,,,,,,0,0,0,15,1,2.6666666666666665,1.0,0,2.2591083791746933,0.9198911790991803,1.3,,
,,2024-02-04,,,,,,0,1,0,10,6,3.3333333333333335,0.6666666666666666,10,2.925910837917469,0.9919891179099181,1.2000000000000002,,
,,2024-02-11,,,,,,0,0,0,18,6,3.6666666666666665,0.6666666666666666,0,5.692591083791747,0.09919891179099188,2.4,,
,,2024-02-17,,,,,,0,0,0,5,5,4.666666666666667,0.3333333333333333,0,5.069259108379175,0.009919891179099197,3.7,,
,,2024-02-24,,,,,,0,1,0,14,5,5.0,0.3333333333333333,14,4.1069259108379175,0.9009919891179098,3.0,,
,,2024-03-04,,,,,,0,0,0,16,0,5.0,0.3333333333333333,0,5.810692591083792,0.09009919891179106,4.55,,
,,2024-03-09,,,,,,0,1,0,3,5,4.0,0.6666666666666666,3,2.3810692591083797,0.9090099198911791,4.1,,
,,2024-03-31,,,,,,2,0,0,12,6,2.6666666666666665,0.3333333333333333,0,0.23810692591083818,0.09090099198911798,3.4,,
,,2024-04-03,,,,,,0,1,0,11,2,1.3333333333333333,0.3333333333333333,11,1.8238106925910837,0.009090099198911806,1.5499999999999998,,
,,2024-04-06,,,,,,0,0,0,4,5,1.6666666666666667,0.0,0,2.8823810692591083,0.0009090099198911816,2.35,,
,,2024-04-14,,,,,,1,1,0,1,6,1.6666666666666667,0.6666666666666666,1,0.28823810692591106,1.8000909009919892,0.1499999999999999,,
,,2024-04-20,,,,,,0,0,0,19,5,1.6666666666666667,0.6666666666666666,0,1.8288238106925911,0.18000909009919908,0.3999999999999999,,
,,2024-04-23,,,,,,0,1,0,6,1,2.3333333333333335,0.6666666666666666,6,4.682882381069259,0.01800090900991992,0.6499999999999999,,
,,2024-04-28,,,,,,0,0,0,17,6,3.3333333333333335,0.6666666666666666,0,3.168288238106926,1.8018000909009921,0.8500000000000001,,
,,2024-05-04,,,,,,0,1,0,2,5,3.6666666666666665,0.6666666666666666,2,3.016828823810693,0.18018000909009937,2.35,,
,,2024-05-12,,,,,,0,0,0,13,6,2.3333333333333335,0.6666666666666666,0,1.2016828823810695,0.018018000909009953,2.3,,
,,2024-05-19,,,,,,0,1,0,8,6,2.0,0.3333333333333333,8,1.9201682882381068,0.9018018000909009,2.3,,
,,2023-08-13,,,,,,2,0,10,6,6,1.0,1.0,0,1.0,1.0,-0.6000000000000001,,
,,2023-08-19,,,,,,0,1,10,2,5,2.0,1.0,2,2.818181818181818,1.0,1.6,,
,,2023-08-27,,,,,,0,0,10,14,6,2.0,1.0,0,2.081081081081081,1.0,1.0,,
,,2023-09-03,,,,,,0,1,10,1,6,2.6666666666666665,0.6666666666666666,1,2.908190819081908,0.09990999099909999,1.25,,
,,2023-09-16,,,,,,0,0,10,19,5,2.6666666666666665,0.6666666666666666,0,2.9908199081990814,0.9099990999909998,1.4,,
,,2023-09-24,,,,,,0,1,10,18,6,3.0,0.6666666666666666,18,2.9990819990819997,0.990999990999991,1.7999999999999998,,
,,2023-09-30,,,,,,1,0,10,17,5,2.3333333333333335,1.3333333333333333,0,1.1999080199908023,1.899100089910009,0.5999999999999999,,
,,2023-10-08,,,,,,2,0,10,4,6,2.0,1.6666666666666667,0,1.9199908091999083,1.9899100098991003,1.7999999999999998,,
,,2023-10-21,,,,,,0,1,10,8,5,1.6666666666666667,1.3333333333333333,8,1.991999080991999,0.19899099919899116,1.8000000000000003,,
,,2023-10-29,,,,,,0,1,10,15,6,2.3333333333333335,0.6666666666666666,15,2.89919990818992,0.019899099901989948,1.8000000000000003,,
,,2023-11-05,,,,,,2,0,10,11,6,2.0,0.3333333333333333,0,1.1899199908018994,0.9019899099990198,0.6000000000000001,,
,,2023-11-12,,,,,,0,1,10,3,6,2.3333333333333335,0.3333333333333333,3,2.818991999081819,0.09019899099909028,1.8000000000000003,,
,,2023-11-25,,,,,,2,0,10,12,5,1.6666666666666667,0.6666666666666666,0,1.1818991999080184,0.9090198990999908,1.6666666666666667,,
,,2023-12-03,,,,,,0,1,10,9,6,2.6666666666666665,1.3333333333333333,9,3.718189919990827,2.790901989910018,0.7999999999999998,,
,,2023-12-06,,,,,,0,0,10,16,2,2.3333333333333335,1.3333333333333333,0,2.1718189919990816,0.2790901989909995,2.0,,
,,2023-12-09,,,,,,0,0,10,7,5,2.6666666666666665,1.3333333333333333,0,2.0171818991999078,0.9279090198990999,1.4,,
,,2023-12-17,,,,,,2,1,10,13,6,1.3333333333333333,0.3333333333333333,13,0.20171818991999096,0.09279090198991007,1.4,,
,,2023-12-23,,,,,,2,1,10,0,5,1.0,0.6666666666666666,0,0.9201718189919991,0.9092790901989911,1.1333333333333333,,
,,2023-12-26,,,,,,0,0,10,5,1,1.0,0.3333333333333333,0,1.8920171818991998,0.0909279090198992,0.9999999999999999,,
,,2024-01-01,,,,,,0,1,10,14,0,2.3333333333333335,1.0,14,3.7892017181899202,1.8090927909019898,0.40000000000000013,,
,,2024-01-21,,,,,,0,0,10,2,6,3.3333333333333335,0.6666666666666666,0,3.978920171818992,0.18090927909019913,2.0,,
,,2024-01-31,,,,,,0,1,10,6,2,4.0,1.0,6,3.9978920171818997,0.91809092790902,2.0,,
,,2024-02-04,,,,,,1,0,10,0,6,3.0,1.3333333333333333,0,1.2997892017181902,2.791809092790902,1.75,,
,,2024-02-10,,,,,,0,1,10,5,5,2.6666666666666665,1.6666666666666667,5,2.829978920171819,1.1791809092790904,2.6,,
,,2024-02-17,,,,,,0,0,10,3,5,2.6666666666666665,1.6666666666666667,0,3.8829978920171824,1.017918090927909,2.8000000000000003,,
,,2024-02-21,,,,,,0,1,10,11,2,3.6666666666666665,1.0,11,3.9882997892017182,1.0017918090927909,2.0,,
,,2024-03-02,,,,,,0,0,10,15,5,3.0,0.6666666666666666,0,1.2988299789201723,0.10017918090927917,2.2,,
,,2024-03-10,,,,,,2,1,10,12,6,2.0,0.6666666666666666,12,1.0298829978920174,0.9100179180909279,2.1,,
,,2024-03-31,,,,,,0,1,10,4,6,1.3333333333333333,0.6666666666666666,4,1.9029882997892018,0.9910017918090929,1.7999999999999998,,
,,2024-04-04,,,,,,0,1,10,16,3,2.0,1.0,16,2.8902988299789203,0.9991001791809094,2.0,,
,,2024-04-07,,,,,,2,0,10,13,6,2.3333333333333335,1.3333333333333333,0,2.089029882997892,1.8999100179180908,1.0,,
,,2024-04-14,,,,,,1,1,10,7,6,1.6666666666666667,1.3333333333333333,7,0.2089029882997894,1.089991001791809,0.8,,
,,2024-04-21,,,,,,0,0,10,9,6,1.6666666666666667,1.3333333333333333,0,2.720890298829979,1.008999100179181,0.3999999999999999,,
,,2024-04-24,,,,,,1,0,10,8,2,1.0,1.3333333333333333,0,0.2720890298829981,1.900899910017918,1.0,,
,,2024-04-27,,,,,,2,0,10,18,5,1.6666666666666667,1.6666666666666667,0,1.8272089029882996,1.990089991001792,0.19999999999999996,,
,,2024-05-05,,,,,,0,1,10,17,6,2.0,2.0,17,3.78272089029883,1.9990089991001794,0.19999999999999996,,
,,2024-05-13,,,,,,2,0,10,1,0,3.0,2.3333333333333335,0,3.0782720890298836,2.8999008999100178,1.0,,
,,2024-05-19,,,,,,0,1,10,19,6,3.0,1.6666666666666667,19,2.1078272089029886,0.28999008999100206,1.6,,
,,2023-08-12,,,,,,1,0,1,14,5,1.0,5.0,0,1.0,5.0,-1.0,,
,,2023-08-20,,,,,,0,1,1,8,6,2.5,2.5,8,3.7272727272727266,0.4545454545454549,1.9,,
,,2023-08-27,,,,,,0,0,1,5,6,2.6666666666666665,2.0,0,3.072072072072072,0.9459459459459459,2.0666666666666664,,
,,2023-09-03,,,,,,1,0,1,10,6,2.3333333333333335,1.3333333333333333,0,0.30693069306930715,2.7947794779477944,0.6000000000000001,,
,,2023-09-16,,,,,,0,1,1,7,5,2.0,1.6666666666666667,7,2.7307173071730713,1.1794617946179462,1.6,,
,,2023-09-24,,,,,,0,0,1,6,6,1.3333333333333333,1.3333333333333333,0,1.1730701730701734,0.11794511794511807,1.4000000000000001,,
,,2023-09-30,,,,,,0,1,1,4,5,3.3333333333333335,0.6666666666666666,4,5.517307451730745,0.9117945911794589,1.8,,
,,2023-10-08,,,,,,2,0,1,19,6,2.6666666666666665,0.6666666666666666,0,1.4517307045173076,0.9911794599117947,1.6,,
,,2023-10-22,,,,,,0,1,1,18,6,3.6666666666666665,1.0,18,3.745173072745173,0.9991179459991179,1.8,,
,,2023-10-29,,,,,,0,1,1,11,6,2.6666666666666665,1.0,11,3.074517307207452,0.9999117945999912,1.8,,
,,2023-11-05,,,,,,1,0,1,15,6,2.3333333333333335,1.3333333333333333,0,0.30745173069307485,1.8999911794689999,1.9999999999999998,,
,,2023-11-12,,,,,,0,1,1,9,6,2.0,1.3333333333333333,9,2.7307451730717305,1.0899991179460902,0.40000000000000013,,
,,2023-11-26,,,,,,0,0,1,17,6,1.6666666666666667,1.3333333333333333,0,2.073074517307107,1.008999911794601,0.5999999999999999,,
,,2023-12-03,,,,,,2,0,1,2,6,2.3333333333333335,1.3333333333333333,0,2.00730745173071,1.900899991179469,1.4,,
,,2023-12-06,,,,,,0,1,1,12,2,1.6666666666666667,1.0,12,1.1007307451730701,0.19008999911794536,1.2000000000000002,,
,,2023-12-09,,,,,,0,1,1,0,5,1.3333333333333333,0.6666666666666666,0,1.010073074517307,0.019008999911794534,0.8,,
,,2023-12-17,,,,,,0,0,1,3,6,1.3333333333333333,0.3333333333333333,0,1.9010073074517306,0.9019008999911794,1.0,,
,,2023-12-22,,,,,,2,1,1,16,4,1.3333333333333333,0.6666666666666666,16,1.090100730745173,0.9901900899991181,0.9999999999999999,,
,,2023-12-26,,,,,,1,0,1,13,1,1.6666666666666667,1.6666666666666667,0,1.9090100730745174,2.799019008999912,0.19999999999999996,,
,,2023-12-30,,,,,,0,1,1,5,5,2.0,2.0,5,2.890901007307452,2.079901900899991,1.0,,
,,2024-01-14,,,,,,2,0,1,8,6,1.6666666666666667,1.6666666666666667,0,0.2890901007307454,0.20799019008999928,1.0,,
,,2024-01-30,,,,,,1,1,1,14,1,1.3333333333333333,1.6666666666666667,14,0.9289090100730745,2.7207990190089997,-1.0,,
,,2024-02-03,,,,,,0,0,1,16,5,2.0,1.0,0,4.592890901007308,0.2720799019009002,1.8000000000000003,,
,,2024-02-11,,,,,,1,1,1,13,6,2.3333333333333335,1.6666666666666667,13,1.359289090100731,1.8272079901900897,0.6000000000000001,,
,,2024-02-17,,,,,,0,0,1,9,5,2.6666666666666665,1.0,0,1.935928909010073,1.082720799019009,0.19999999999999996,,
,,2024-02-24,,,,,,0,1,1,15,5,2.3333333333333335,1.6666666666666667,15,3.7935928909010075,1.9082720799019008,1.6,,
,,2024-03-02,,,,,,0,0,1,11,5,3.0,1.6666666666666667,0,3.079359289090101,1.99082720799019,2.0,,
,,2024-03-10,,,,,,1,1,1,17,6,2.3333333333333335,2.6666666666666665,17,0.30793592890901034,3.799082720799019,-0.20000000000000018,,
,,2024-03-17,,,,,,2,0,1,18,6,1.3333333333333333,2.3333333333333335,0,0.930793592890901,1.2799082720799022,1.0,,
,,2024-03-30,,,,,,0,1,1,19,5,1.0,1.6666666666666667,19,1.8930793592890902,0.12799082720799032,1.6,,
,,2024-04-03,,,,,,1,0,1,12,2,1.3333333333333333,1.6666666666666667,0,1.089307935928909,3.612799082720799,0.19999999999999996,,
,,2024-04-06,,,,,,2,1,1,3,5,2.0,2.3333333333333335,3,2.808930793592891,3.06127990827208,0.19999999999999996,,
,,2024-04-14,,,,,,0,0,1,0,6,2.0,2.3333333333333335,0,2.080893079359289,0.30612799082720826,1.0,,
,,2024-04-21,,,,,,0,1,1,2,6,2.6666666666666665,1.3333333333333333,2,2.908089307935929,0.9306127990827209,1.4000000000000001,,
,,2024-04-27,,,,,,2,1,1,6,5,2.3333333333333335,1.0,6,2.0908089307935933,1.8930612799082722,1.4000000000000001,,
,,2024-05-05,,,,,,1,0,1,4,6,1.6666666666666667,1.3333333333333333,0,0.20908089307935954,1.0893061279908274,1.0,,
,,2024-05-13,,,,,,2,1,1,10,0,1.6666666666666667,2.0,10,2.720908089307936,2.8089306127990827,0.19999999999999996,,
,,2024-05-19,,,,,,1,0,1,7,6,1.0,3.0,0,0.27209080893079385,4.780893061279909,0.0,,
,,2023-08-13,,,,,,2,0,17,3,6,2.0,2.0,0,2.0,2.0,0.6000000000000001,,
,,2023-08-19,,,,,,0,1,17,13,5,2.0,1.0,13,2.0,0.18181818181818196,0.6000000000000001,,
,,2023-08-26,,,,,,0,0,17,2,5,2.0,0.6666666666666666,0,2.0,0.01801801801801805,1.2,,
,,2023-09-02,,,,,,0,0,17,5,5,3.0,0.6666666666666666,0,4.700270027002699,1.8019801980198018,1.55,,
,,2023-09-16,,,,,,0,1,17,16,5,3.0,1.0,16,2.2700027000270007,1.080190801908019,2.0,,
,,2023-09-24,,,,,,2,0,17,0,6,3.0,1.6666666666666667,0,2.0270000270000272,1.908019908019908,1.4000000000000001,,
,,2023-09-30,,,,,,0,1,17,10,5,2.0,1.3333333333333333,10,2.00270000027,1.090801909080191,0.8,,
,,2023-10-07,,,,,,0,0,17,11,5,1.6666666666666667,1.0,0,1.1002699910027,0.10908018109080195,1.4,,
,,2023-10-23,,,,,,0,1,17,9,0,1.6666666666666667,0.3333333333333333,9,1.9100269999100268,0.01090801801090804,0.6000000000000001,,
,,2023-10-27,,,,,,0,0,17,7,4,1.6666666666666667,0.3333333333333333,0,1.9910026999991004,0.901090801890109,0.0,,
,,2023-11-06,,,,,,1,1,17,6,0,1.6666666666666667,1.6666666666666667,6,1.099100269990991,3.690109080216901,0.0,,
,,2023-11-11,,,,,,1,0,17,19,5,1.3333333333333333,2.3333333333333335,0,1.00991002699901,2.169010908020169,0.5999999999999999,,
,,2023-11-26,,,,,,1,1,17,1,6,1.0,2.6666666666666665,1,1.0009910026999,2.0169010908020018,-0.20000000000000018,,
,,2023-12-03,,,,,,2,0,17,12,6,1.6666666666666667,2.3333333333333335,0,2.800099100270008,2.9016901090802087,-0.19999999999999996,,
,,2023-12-07,,,,,,1,1,17,18,3,1.6666666666666667,2.3333333333333335,18,1.1800099100269994,2.09016901090802,0.0,,
,,2023-12-10,,,,,,0,1,17,14,6,2.6666666666666665,2.0,14,3.7180009910027,1.109016901090802,-0.3999999999999999,,
,,2023-12-15,,,,,,0,0,17,15,4,2.3333333333333335,1.0,0,2.1718000991002704,0.1109016901090803,1.4000000000000001,,
,,2023-12-23,,,,,,0,1,17,8,5,2.6666666666666665,0.6666666666666666,8,2.017180009910027,0.9110901690109079,1.7999999999999998,,
,,2023-12-28,,,,,,1,0,17,4,3,2.0,1.6666666666666667,0,2.0017180009910027,3.6911090169010907,0.40000000000000013,,
,,2023-12-31,,,,,,0,1,17,2,6,2.3333333333333335,2.0,2,2.9001718000991006,1.2691109016901094,1.8,,
,,2024-01-14,,,,,,2,0,17,13,6,2.3333333333333335,2.3333333333333335,0,2.0900171800099105,1.926911090169011,0.40000000000000013,,
,,2024-01-31,,,,,,0,1,17,3,2,2.6666666666666665,1.6666666666666667,3,2.909001718000991,1.9926911090169013,0.5999999999999999,,
,,2024-02-03,,,,,,2,0,17,8,5,2.3333333333333335,2.0,0,2.0909001718000995,1.9992691109016902,1.4,,
,,2024-02-10,,,,,,0,1,17,4,5,2.3333333333333335,1.6666666666666667,4,2.0090900171800103,1.0999269110901693,0.7999999999999998,,
,,2024-02-17,,,,,,1,1,17,19,5,1.6666666666666667,1.6666666666666667,19,1.1009090017180012,1.909992691109017,1.0,,
,,2024-03-02,,,,,,0,1,17,7,5,2.0,1.3333333333333333,7,2.8100909001718,1.0909992691109018,0.40000000000000013,,
,,2024-03-10,,,,,,0,0,17,1,6,2.6666666666666665,1.0,0,3.8810090900171805,0.10909992691109027,1.0,,
,,2024-03-16,,,,,,1,0,17,9,5,2.3333333333333335,1.3333333333333333,0,0.3881009090017184,2.710909992691109,0.8,,
,,2024-03-30,,,,,,0,1,17,11,5,2.0,1.3333333333333333,11,1.8388100909001717,1.1710909992691112,1.0,,
,,2024-04-02,,,,,,2,0,17,18,1,1.0,1.6666666666666667,0,1.0838810090900173,1.017109099926911,0.6000000000000001,,
,,2024-04-07,,,,,,0,1,17,15,6,2.0,1.0,15,2.8083881009090015,1.0017109099926913,1.0,,
,,2024-04-13,,,,,,1,0,17,14,5,1.3333333333333333,2.0,0,0.2808388100909004,3.700171090999269,-1.8,,
,,2024-04-28,,,,,,1,1,17,0,6,1.6666666666666667,2.6666666666666665,0,1.82808388100909,3.070017109099927,0.0,,
,,2024-05-02,,,,,,1,0,17,6,3,0.6666666666666666,3.0,0,0.18280838810090919,2.107001710909993,-0.6000000000000001,,
,,2024-05-05,,,,,,1,0,17,10,6,1.3333333333333333,3.0,0,1.8182808388100908,3.8107001710909993,-1.0,,
,,2024-05-11,,,,,,0,1,17,5,5,1.3333333333333333,2.3333333333333335,5,1.981828083881009,1.2810700171091,-0.19999999999999996,,
,,2024-05-14,,,,,,1,1,17,12,1,1.3333333333333333,2.3333333333333335,12,0.19818280838810107,1.92810700171091,-0.8,,
,,2024-05-19,,,,,,0,0,17,16,6,1.6666666666666667,1.0,0,2.71981828083881,0.1928107001710912,0.7999999999999999,,
,,2023-08-13,,,,,,2,1,6,10,6,1.0,1.0,10,1.0,1.0,-1.4,,
,,2023-08-20,,,,,,1,0,6,18,6,1.0,2.0,0,1.0,2.818181818181818,-0.6000000000000001,,
,,2023-08-25,,,,,,0,1,6,11,4,1.6666666666666667,1.3333333333333333,11,2.801801801801802,0.2792792792792795,0.8666666666666667,,
,,2023-09-02,,,,,,1,1,6,15,5,1.3333333333333333,1.3333333333333333,15,0.27992799279928016,0.927992799279928,0.050000000000000044,,
,,2023-09-17,,,,,,2,0,6,2,6,1.0,0.3333333333333333,0,0.027990279902799075,0.09279092790927918,0.19999999999999996,,
,,2023-09-24,,,,,,1,1,6,1,6,0.0,0.6666666666666666,1,0.0027990027990028067,0.9092799092799093,-0.3999999999999999,,
,,2023-10-02,,,,,,0,0,6,9,0,0.6666666666666666,0.3333333333333333,0,1.8002800800280077,0.09092790909279098,0.0,,
,,2023-10-07,,,,,,0,0,6,5,5,2.0,0.6666666666666666,0,3.7800280278002805,0.909092799090928,-0.19999999999999996,,
,,2023-10-21,,,,,,2,1,6,0,5,2.6666666666666665,1.0,0,2.178002801178003,1.890909280890909,0.20000000000000018,,
,,2023-10-28,,,,,,1,1,6,3,5,2.0,1.6666666666666667,3,0.21780027992178028,1.9890909280989093,-0.3999999999999999,,
,,2023-11-06,,,,,,0,0,6,17,0,2.0,1.6666666666666667,0,3.621780028026218,1.0989090928009893,0.3999999999999999,,
,,2023-11-12,,,,,,2,1,6,12,6,2.6666666666666665,2.3333333333333335,12,3.9621780028029625,3.7098909092827097,0.19999999999999973,,
,,2023-11-25,,,,,,1,0,6,14,5,3.0,3.0,0,1.29621780028003,3.9709890909282968,-1.1999999999999997,,
,,2023-12-03,,,,,,0,1,6,4,6,2.6666666666666665,3.3333333333333335,4,2.829621780028018,2.197098909092812,0.5999999999999999,,
,,2023-12-06,,,,,,1,0,6,13,2,1.6666666666666667,2.6666666666666665,0,1.1829621780028003,2.019709890909281,0.8,,
,,2023-12-10,,,,,,1,0,6,8,6,1.3333333333333333,2.0,0,0.11829621780028003,2.001970989090928,0.8,,
,,2023-12-16,,,,,,0,1,6,16,5,1.0,1.3333333333333333,16,1.8118296217800278,0.20019709890909296,0.9999999999999999,,
,,2023-12-24,,,,,,1,0,6,19,6,1.0,1.3333333333333333,0,1.081182962178003,1.8200197098909092,0.0,,
,,2023-12-27,,,,,,0,1,6,7,2,1.6666666666666667,1.0,7,1.9081182962178003,1.082001970989091,-0.6000000000000001,,
,,2023-12-30,,,,,,0,0,6,11,5,2.0,1.6666666666666667,0,2.8908118296217804,1.9082001970989089,0.6000000000000001,,
,,2024-01-13,,,,,,0,1,6,9,5,2.0,1.0,9,1.1890811829621784,0.19082001970989107,1.0,,
,,2024-01-31,,,,,,1,0,6,10,2,1.6666666666666667,2.0,0,1.018908118296218,3.6190820019709893,-1.0,,
,,2024-02-04,,,,,,1,1,6,19,6,1.3333333333333333,2.6666666666666665,19,1.9018908118296218,3.9619082001970987,-0.19999999999999996,,
,,2024-02-12,,,,,,0,0,6,7,0,2.0,3.0,0,2.8901890811829625,1.29619082001971,0.19999999999999996,,
,,2024-02-17,,,,,,2,0,6,12,5,2.0,2.0,0,1.1890189081182965,1.029619082001971,-1.1999999999999997,,
,,2024-03-02,,,,,,2,0,6,3,5,2.0,1.3333333333333333,0,1.9189018908118298,1.9029619082001972,-0.40000000000000013,,
,,2024-03-11,,,,,,0,1,6,14,0,2.0,1.6666666666666667,14,2.8918901890811832,1.9902961908200199,-0.5999999999999996,,
,,2024-03-30,,,,,,2,1,6,5,5,2.3333333333333335,2.0,5,2.089189018908119,1.999029619082002,0.6000000000000001,,
,,2024-04-04,,,,,,0,1,6,13,3,3.0,2.3333333333333335,13,3.8089189018908116,2.8999029619082006,0.5999999999999999,,
,,2024-04-07,,,,,,2,0,6,16,6,2.6666666666666665,2.3333333333333335,0,2.1808918901890815,2.08999029619082,2.0,,
,,2024-04-15,,,,,,0,1,6,8,0,4.0,1.6666666666666667,8,5.618089189018908,0.2089990296190822,2.4,,
,,2024-04-23,,,,,,1,0,6,0,1,2.6666666666666665,2.3333333333333335,0,0.5618089189018913,4.520899902961908,0.3999999999999999,,
,,2024-04-27,,,,,,2,0,6,1,5,2.6666666666666665,2.3333333333333335,0,1.8561808918901892,2.252089990296191,1.1999999999999997,,
,,2024-05-02,,,,,,0,1,6,17,3,1.3333333333333333,2.3333333333333335,17,1.9856180891890192,0.22520899902961927,0.7999999999999998,,
,,2024-05-05,,,,,,0,1,6,18,6,3.0,0.6666666666666666,18,4.698561808918902,0.02252089990296195,1.6,,
,,2024-05-11,,,,,,0,0,6,15,5,3.3333333333333335,0.6666666666666666,0,3.1698561808918906,1.8022520899902963,1.2,,
,,2024-05-15,,,,,,0,0,6,4,2,3.3333333333333335,1.0,0,2.1169856180891893,1.0802252089990296,0.9999999999999998,,
,,2024-05-19,,,,,,0,1,6,2,6,2.3333333333333335,1.3333333333333333,2,2.011698561808919,1.008022520899903,2.1999999999999997,,
,,2023-08-12,,,,,,0,1,14,1,5,5.0,1.0,1,5.0,1.0,3.8,,
,,2023-08-19,,,,,,1,0,14,12,5,2.5,1.0,0,0.4545454545454549,1.0,0.2999999999999998,,
,,2023-08-27,,,,,,1,1,14,10,6,2.0,1.3333333333333333,10,0.9459459459459459,1.900900900900901,-0.3999999999999999,,
,,2023-09-02,,,,,,1,0,14,4,5,0.6666666666666666,2.0,0,0.9945994599459946,2.8901890189018897,-0.4500000000000002,,
,,2023-09-16,,,,,,0,1,14,3,5,1.0,1.6666666666666667,3,0.9994599945999458,0.2889928899288995,0.0,,
,,2023-09-24,,,,,,0,0,14,16,6,3.3333333333333335,1.0,0,7.2999522999523005,0.02889902889902895,1.6,,
,,2023-09-30,,,,,,0,1,14,5,5,3.6666666666666665,0.0,5,2.5299947529994755,0.0028899002889900363,1.4000000000000001,,
,,2023-10-08,,,,,,2,0,14,18,6,4.0,0.6666666666666666,0,2.052999470529995,1.80028900800289,1.1999999999999997,,
,,2023-10-21,,,,,,0,1,14,7,5,2.6666666666666665,0.6666666666666666,7,3.8052999488052994,0.180028899180029,2.5999999999999996,,
,,2023-10-28,,,,,,2,0,14,19,5,2.6666666666666665,1.3333333333333333,0,2.180529994718053,1.8180028900818004,1.2000000000000002,,
,,2023-11-04,,,,,,0,1,14,0,5,2.3333333333333335,0.6666666666666666,0,1.1180529994611808,0.1818002889918182,-0.19999999999999973,,
,,2023-11-11,,,,,,1,0,14,2,5,1.0,1.3333333333333333,0,0.11180529994511193,1.818180028900818,1.0,,
,,2023-11-25,,,,,,0,1,14,6,5,1.6666666666666667,1.0,6,3.6111805299948605,1.0818180028900082,0.40000000000000013,,
,,2023-12-02,,,,,,0,1,14,13,5,1.6666666666666667,1.0,13,1.2611180529994628,0.10818180028899119,0.20000000000000018,,
,,2023-12-07,,,,,,1,0,14,8,3,1.6666666666666667,1.3333333333333333,0,0.12611180529994526,2.7108181800289017,-0.40000000000000013,,
,,2023-12-10,,,,,,1,0,14,17,6,0.6666666666666666,2.3333333333333335,0,0.9126111805299943,3.87108181800289,-0.8,,
,,2023-12-16,,,,,,0,1,14,9,5,1.3333333333333333,2.3333333333333335,9,2.791261118053,0.38710818180028933,1.2000000000000002,,
,,2023-12-23,,,,,,1,0,14,11,5,1.3333333333333333,1.6666666666666667,0,0.2791261118053002,0.9387108181800289,0.19999999999999996,,
,,2023-12-26,,,,,,1,1,14,15,1,1.3333333333333333,1.3333333333333333,15,0.9279126111805299,2.793871081818003,-0.3999999999999999,,
,,2024-01-01,,,,,,1,0,14,10,0,1.0,2.6666666666666665,0,1.892791261118053,3.8793871081818003,-1.6,,
,,2024-01-13,,,,,,1,1,14,12,5,1.6666666666666667,3.3333333333333335,12,1.9892791261118055,3.0879387108181806,-0.6000000000000001,,
,,2024-01-30,,,,,,0,0,14,1,1,2.3333333333333335,2.6666666666666665,0,2.898927912611181,1.2087938710818185,0.6000000000000001,,
,,2024-02-03,,,,,,2,1,14,11,5,3.0,2.6666666666666665,11,3.889892791261118,3.7208793871081816,0.7999999999999998,,
,,2024-02-10,,,,,,0,0,14,15,5,3.3333333333333335,2.3333333333333335,0,3.088989279126112,2.1720879387108187,0.9999999999999998,,
,,2024-02-17,,,,,,2,1,14,2,5,3.0,2.6666666666666665,2,2.1088989279126116,2.017208793871082,1.5999999999999999,,
,,2024-02-24,,,,,,1,0,14,0,5,2.0,2.6666666666666665,0,1.1108898927912614,3.801720879387108,-0.19999999999999973,,
,,2024-03-02,,,,,,0,1,14,19,5,2.0,2.0,19,2.811088989279126,0.3801720879387111,0.6000000000000001,,
,,2024-03-11,,,,,,1,0,14,6,0,2.0,2.3333333333333335,0,2.0811088989279125,2.738017208793871,-0.19999999999999973,,
,,2024-03-30,,,,,,0,1,14,18,5,3.0,2.0,18,3.808110889892791,2.973801720879387,0.5999999999999999,,
,,2024-04-02,,,,,,2,1,14,8,1,2.3333333333333335,2.3333333333333335,8,1.2808110889892794,1.197380172087939,0.6000000000000001,,
,,2024-04-06,,,,,,0,0,14,9,5,2.0,1.3333333333333333,0,1.028081108898928,0.11973801720879398,1.6,,
,,2024-04-13,,,,,,0,1,14,17,5,2.0,0.3333333333333333,17,3.702808110889893,0.01197380172087941,0.5999999999999999,,
,,2024-04-24,,,,,,1,0,14,7,2,1.6666666666666667,0.6666666666666666,0,0.37028081108898964,1.801197380172088,1.0,,
,,2024-04-27,,,,,,0,1,14,16,5,3.0,1.0,16,4.5370280811088985,1.0801197380172087,1.6,,
,,2024-05-04,,,,,,0,0,14,5,5,3.0,1.3333333333333333,0,4.053702808110891,1.008011973801721,1.7999999999999998,,
,,2024-05-11,,,,,,2,1,14,4,5,3.3333333333333335,1.0,4,1.3053702808110894,1.0008011973801723,1.1999999999999997,,
,,2024-05-15,,,,,,1,0,14,13,2,2.3333333333333335,1.6666666666666667,0,1.9305370280811087,2.800080119738017,0.3999999999999999,,
,,2024-05-19,,,,,,0,0,14,3,6,2.3333333333333335,2.0,0,3.7930537028081104,2.080008011973802,1.6,,
,,2023-08-14,,,,,,0,1,13,19,0,1.0,0.0,19,1.0,0.0,-0.6000000000000001,,
,,2023-08-19,,,,,,1,0,13,17,5,0.5,1.0,0,0.09090909090909098,1.8181818181818181,-0.8999999999999999,,
,,2023-08-26,,,,,,0,1,13,15,5,1.3333333333333333,1.3333333333333333,15,2.7117117117117115,1.981981981981982,-0.6666666666666667,,
,,2023-09-03,,,,,,1,0,13,0,6,1.3333333333333333,2.3333333333333335,0,1.171017101710171,2.898289828982898,-1.5499999999999998,,
,,2023-09-16,,,,,,1,1,13,4,5,1.6666666666666667,2.6666666666666665,4,1.01710017100171,2.9898298982989826,-0.8,,
,,2023-09-23,,,,,,0,0,13,5,5,1.0,2.0,0,1.0017100017100018,0.29898029898029926,0.3999999999999999,,
,,2023-09-30,,,,,,1,1,13,7,5,0.6666666666666666,1.3333333333333333,7,0.10017091001709108,0.9298980929898092,0.19999999999999996,,
,,2023-10-07,,,,,,0,1,13,3,5,1.0,0.6666666666666666,3,1.810017108100171,0.9929898099298982,-0.3999999999999999,,
,,2023-10-21,,,,,,0,0,13,16,5,1.3333333333333333,1.0,0,1.9810017109810016,0.999298980999299,0.3999999999999999,,
,,2023-10-29,,,,,,1,1,13,12,6,1.3333333333333333,1.6666666666666667,12,0.19810017091981022,2.7999298982799927,-1.4,,
,,2023-11-04,,,,,,0,0,13,9,5,1.0,1.3333333333333333,0,0.9198100170991982,0.27999298980280013,1.0,,
,,2023-11-11,,,,,,0,1,13,11,5,0.6666666666666666,1.0,11,0.9919810017099919,0.027999298980028044,-0.19999999999999996,,
,,2023-11-26,,,,,,0,0,13,8,6,1.6666666666666667,0.0,0,2.7991981001711794,0.0027999298980002866,0.19999999999999996,,
,,2023-12-02,,,,,,1,0,13,14,5,1.3333333333333333,0.3333333333333333,0,0.279919810017093,0.900279992989809,-1.4,,
,,2023-12-06,,,,,,0,1,13,6,2,1.6666666666666667,0.6666666666666666,6,1.8279919810017107,0.990027999298981,-0.8000000000000003,,
,,2023-12-09,,,,,,1,1,13,2,5,0.6666666666666666,1.6666666666666667,2,0.18279919810017103,2.799002799929898,-0.40000000000000013,,
,,2023-12-17,,,,,,2,0,13,10,6,0.6666666666666666,1.3333333333333333,0,0.018279919810017118,0.27990027999299005,-1.2000000000000002,,
,,2023-12-23,,,,,,1,0,13,18,5,0.0,1.6666666666666667,0,0.0018279919810017134,1.827990027999299,-1.6,,
,,2023-12-26,,,,,,0,1,13,1,1,1.0,1.3333333333333333,1,2.7001827991981,1.9827990027999298,-0.3999999999999999,,
,,2023-12-30,,,,,,1,0,13,15,5,1.3333333333333333,2.0,0,1.1700182799198102,1.9982799002799934,-1.4000000000000001,,
,,2024-01-14,,,,,,2,1,13,17,6,2.0,2.0,17,1.9170018279919812,1.9998279900279996,-0.40000000000000013,,
,,2024-02-01,,,,,,0,0,13,19,3,2.3333333333333335,2.3333333333333335,0,3.791700182799198,2.8999827990028,0.19999999999999996,,
,,2024-02-04,,,,,,0,1,13,18,6,3.0,1.6666666666666667,18,3.07917001827992,0.28999827990028026,1.2000000000000002,,
,,2024-02-11,,,,,,0,0,13,1,6,3.0,1.3333333333333333,0,2.107917001827992,0.928999827990028,1.0,,
,,2024-02-18,,,,,,0,0,13,11,6,2.3333333333333335,0.6666666666666666,0,2.010791700182799,0.9928999827990028,1.0,,
,,2024-02-24,,,,,,1,1,13,9,5,1.6666666666666667,1.3333333333333333,9,1.10107917001828,1.8992899982799005,2.0,,
,,2024-03-03,,,,,,1,0,13,12,6,1.3333333333333333,2.0,0,1.0101079170018281,2.88992899982799,-0.40000000000000013,,
,,2024-03-09,,,,,,0,1,13,8,5,1.3333333333333333,1.6666666666666667,8,1.9010107917001828,0.28899289998279926,0.8,,
,,2024-03-30,,,,,,2,0,13,3,5,1.3333333333333333,1.3333333333333333,0,1.0901010791700185,0.9288992899982799,0.19999999999999996,,
,,2024-04-04,,,,,,1,0,13,6,3,2.0,1.6666666666666667,0,2.809010107917002,3.692889928999828,-0.6000000000000001,,
,,2024-04-07,,,,,,2,1,13,10,6,2.0,2.3333333333333335,10,2.0809010107917003,2.169288992899983,-0.5999999999999999,,
,,2024-04-13,,,,,,2,0,13,2,5,2.3333333333333335,2.6666666666666665,0,2.00809010107917,2.016928899289998,0.0,,
,,2024-04-24,,,,,,0,1,13,16,2,2.6666666666666665,2.0,16,3.800809010107917,2.001692889929,1.2,,
,,2024-04-27,,,,,,2,1,13,5,5,2.3333333333333335,1.6666666666666667,5,1.2800809010107919,1.1001692889929002,1.5999999999999999,,
,,2024-05-06,,,,,,1,0,13,7,0,1.6666666666666667,2.3333333333333335,0,0.1280080901010793,3.71001692889929,0.19999999999999996,,
,,2024-05-12,,,,,,1,1,13,0,6,0.3333333333333333,2.0,0,0.012800809010107942,1.2710016928899293,-1.2000000000000002,,
,,2024-05-15,,,,,,0,1,13,14,2,1.0,2.3333333333333335,14,2.7012800809010105,1.9271001692889929,-1.0,,
,,2024-05-19,,,,,,0,0,13,4,6,1.6666666666666667,1.0,0,2.070128008090101,0.19271001692889947,-0.40000000000000013,,
,,2023-08-12,,,,,,2,0,18,2,5,1.0,1.0,0,1.0,1.0,-1.0,,
,,2023-08-20,,,,,,0,1,18,6,6,2.0,1.0,6,2.818181818181818,1.0,0.0,,
,,2023-08-26,,,,,,0,0,18,4,5,2.3333333333333335,1.0,0,2.981981981981982,1.0,0.7333333333333334,,
,,2023-09-01,,,,,,0,0,18,11,4,2.6666666666666665,1.0,0,2.0981098109810983,1.0,0.8500000000000001,,
,,2023-09-16,,,,,,1,1,18,12,5,2.0,1.6666666666666667,12,1.1098010980109803,2.8000180001800015,-0.6000000000000001,,
,,2023-09-24,,,,,,1,0,18,10,6,1.3333333333333333,2.3333333333333335,0,1.0109800109800111,2.98000198000198,-0.20000000000000018,,
,,2023-09-30,,,,,,0,1,18,16,5,1.3333333333333333,2.0,16,1.901098090109809,0.29799992979999324,1.0,,
,,2023-10-08,,,,,,2,1,18,14,6,1.6666666666666667,1.6666666666666667,14,1.9901098099010983,1.8298000082980002,-0.6000000000000001,,
,,2023-10-22,,,,,,1,0,18,1,6,1.6666666666666667,2.0,0,1.099010980099011,3.78298000278298,-0.40000000000000013,,
,,2023-10-29,,,,,,1,1,18,8,6,1.0,2.3333333333333335,8,0.10990109791099023,1.2782980000278301,0.19999999999999996,,
,,2023-11-04,,,,,,1,0,18,3,5,1.0,2.6666666666666665,0,1.8109901098081098,2.827829800018278,0.0,,
,,2023-11-12,,,,,,0,1,18,15,6,1.6666666666666667,2.0,15,2.881099010981881,2.0827829800010833,-0.6000000000000001,,
,,2023-11-25,,,,,,0,0,18,5,5,2.3333333333333335,2.0,0,2.088109901098109,1.108278298000011,1.0,,
,,2023-12-03,,,,,,2,1,18,7,6,2.0,1.3333333333333333,7,1.1088109901098013,1.0108278298000002,0.0,,
,,2023-12-07,,,,,,0,0,18,17,3,1.6666666666666667,1.0,0,1.910881099010981,1.0010827829800002,0.19999999999999996,,
,,2023-12-10,,,,,,1,0,18,9,6,1.0,2.3333333333333335,0,0.19108810990109806,4.600108278298,0.20000000000000018,,
,,2023-12-17,,,,,,0,1,18,19,6,1.6666666666666667,2.0,19,2.71910881099011,0.4600108278298004,0.6000000000000001,,
,,2023-12-23,,,,,,0,1,18,13,5,1.6666666666666667,1.6666666666666667,13,2.071910881099011,0.04600108278298008,0.0,,
,,2023-12-28,,,,,,0,0,18,0,3,2.3333333333333335,0.0,0,2.0071910881099013,0.0046001082782980126,0.19999999999999996,,
,,2024-01-02,,,,,,2,1,18,4,1,1.3333333333333333,0.0,4,0.2007191088109903,0.0004600108278298016,0.3999999999999999,,
,,2024-01-21,,,,,,2,0,18,16,6,1.3333333333333333,0.6666666666666666,0,1.8200719108810988,1.8000460010827828,0.6000000000000001,,
,,2024-02-01,,,,,,2,1,18,2,3,1.0,1.0,2,1.08200719108811,1.0800046001082784,-0.40000000000000013,,
,,2024-02-04,,,,,,1,0,18,13,6,1.0,2.0,0,0.10820071910881109,2.808000460010828,-0.8,,
,,2024-02-11,,,,,,1,1,18,0,6,0.3333333333333333,3.3333333333333335,0,0.010820071910881118,5.680800046001083,-2.1999999999999997,,
,,2024-02-17,,,,,,1,0,18,15,5,0.0,3.6666666666666665,0,0.0010820071910881128,2.3680800046001087,-1.4,,
,,2024-02-26,,,,,,0,1,18,3,0,1.3333333333333333,3.3333333333333335,3,3.600108200719108,2.036808000460011,-0.8,,
,,2024-03-02,,,,,,0,0,18,8,5,2.3333333333333335,1.6666666666666667,0,3.060010820071911,1.1036808000460012,0.7999999999999999,,
,,2024-03-10,,,,,,2,1,18,5,6,3.0,1.6666666666666667,5,2.1060010820071913,1.9103680800046001,0.8,,
,,2024-03-17,,,,,,2,1,18,1,6,2.0,1.3333333333333333,1,1.1106001082007193,1.0910368080004602,0.19999999999999996,,
,,2024-03-30,,,,,,1,0,18,14,5,2.0,2.3333333333333335,0,2.8110600108200723,3.7091036808000464,0.3999999999999999,,
,,2024-04-02,,,,,,2,1,18,17,1,1.6666666666666667,2.0,17,1.1811060010820076,1.270910368080005,0.8,,
,,2024-04-06,,,,,,0,0,18,19,5,2.0,2.0,0,1.9181106001082007,1.0270910368080006,1.0,,
,,2024-04-14,,,,,,1,1,18,9,6,1.0,1.3333333333333333,9,0.19181106001082024,1.9027091036808002,-0.40000000000000013,,
,,2024-04-21,,,,,,1,0,18,7,6,1.3333333333333333,2.6666666666666665,0,1.819181106001082,4.69027091036808,-1.0,,
,,2024-04-27,,,,,,2,1,18,10,5,1.3333333333333333,3.0,10,1.981918110600108,2.269027091036808,-0.8000000000000003,,
,,2024-05-05,,,,,,1,0,18,6,6,1.3333333333333333,4.0,0,0.19819181106001096,4.726902709103681,-1.5999999999999999,,
,,2024-05-11,,,,,,0,1,18,11,5,1.6666666666666667,2.6666666666666665,11,2.7198191811060006,1.3726902709103685,0.0,,
,,2024-05-19,,,,,,1,0,18,12,6,1.3333333333333333,3.0,0,1.1719819181106004,2.837269027091037,-1.4,,
,,2023-08-12,,,,,,0,0,7,16,5,1.0,0.0,0,1.0,0.0,0.0,,
,,2023-08-21,,,,,,1,1,7,0,0,0.5,0.5,0,0.09090909090909098,0.9090909090909091,-1.7000000000000002,,
,,2023-08-26,,,,,,2,0,7,3,5,0.6666666666666666,0.6666666666666666,0,0.9099099099099098,0.990990990990991,-0.9333333333333335,,
,,2023-09-03,,,,,,0,1,7,19,6,1.3333333333333333,1.3333333333333333,19,2.7911791179117906,1.899189918991899,0.050000000000000044,,
,,2023-09-16,,,,,,1,0,7,1,5,1.6666666666666667,2.0,0,1.1791017910179102,2.8899288992889924,-1.0000000000000002,,
,,2023-09-23,,,,,,2,1,7,9,5,1.3333333333333333,1.6666666666666667,9,0.11790911790911804,0.2889902889902893,-0.8,,
,,2023-09-30,,,,,,0,0,7,13,5,0.6666666666666666,1.0,0,0.911790991179099,0.02889900288990034,0.0,,
,,2023-10-07,,,,,,2,1,7,15,5,0.3333333333333333,0.0,15,0.091179090911791,0.002889900028899008,-0.6000000000000001,,
,,2023-10-21,,,,,,1,0,7,14,5,0.3333333333333333,1.3333333333333333,0,0.009117909009117924,3.600288993600288,-2.2,,
,,2023-10-27,,,,,,1,1,7,17,4,0.3333333333333333,2.0,17,0.9009117909900912,2.160028899216003,-1.2000000000000002,,
,,2023-11-04,,,,,,0,0,7,5,5,1.0,2.0,0,1.8900911791089008,0.21600288990216024,0.0,,
,,2023-11-11,,,,,,1,1,7,8,5,1.6666666666666667,1.6666666666666667,8,1.9890091179109892,2.7216002889927213,0.0,,
,,2023-11-25,,,,,,1,0,7,11,5,1.6666666666666667,1.6666666666666667,0,1.09890091179101,2.0721600288992073,0.19999999999999996,,
,,2023-12-03,,,,,,2,0,7,18,6,1.3333333333333333,2.0,0,1.0098900911791002,1.1072160028899112,-0.20000000000000018,,
,,2023-12-06,,,,,,1,1,7,2,2,0.6666666666666666,1.6666666666666667,2,0.1009890091179092,1.910721600288992,-0.6000000000000001,,
,,2023-12-09,,,,,,1,1,7,10,5,0.6666666666666666,1.6666666666666667,10,0.9100989009117909,1.9910721600288992,-0.8,,
,,2023-12-16,,,,,,2,0,7,12,5,1.0,2.0,0,1.891009890091179,1.9991072160028902,-1.7999999999999998,,
,,2023-12-21,,,,,,2,1,7,4,3,1.3333333333333333,1.6666666666666667,4,1.089100989009118,1.0999107216002892,0.0,,
,,2023-12-27,,,,,,1,0,7,6,2,1.3333333333333333,1.6666666666666667,0,1.0089100989009119,1.909991072160029,-1.6,,
,,2023-12-30,,,,,,0,1,7,3,5,1.6666666666666667,1.3333333333333333,3,2.8008910098900914,1.090999107216003,0.0,,
,,2024-01-20,,,,,,1,0,7,0,5,1.3333333333333333,2.6666666666666665,0,0.28008910098900935,4.6090999107216,-1.2000000000000002,,
,,2024-01-30,,,,,,0,1,7,16,1,2.0,2.6666666666666665,16,2.728008910098901,2.26090999107216,0.40000000000000013,,
,,2024-02-03,,,,,,1,0,7,4,5,1.3333333333333333,3.6666666666666665,0,1.1728008910098904,3.826090999107216,0.40000000000000013,,
,,2024-02-12,,,,,,1,1,7,6,0,1.6666666666666667,3.0,6,1.017280089100989,3.0826090999107216,-1.4,,
,,2024-02-19,,,,,,2,0,7,8,0,1.0,2.6666666666666665,0,1.001728008910099,1.2082609099910724,0.0,,
,,2024-02-24,,,,,,0,1,7,5,5,1.6666666666666667,1.3333333333333333,5,2.80017280089101,0.12082609099910736,1.0,,
,,2024-03-02,,,,,,1,0,7,17,5,1.6666666666666667,1.3333333333333333,0,1.1800172800891011,2.7120826090999106,-0.40000000000000013,,
,,2024-03-09,,,,,,2,1,7,11,5,1.6666666666666667,1.3333333333333333,11,1.0180017280089102,1.1712082609099914,0.19999999999999996,,
,,2024-03-30,,,,,,2,0,7,15,5,1.0,1.6666666666666667,0,1.001800172800891,1.0171208260909992,0.0,,
,,2024-04-02,,,,,,1,0,7,2,1,0.6666666666666666,1.0,0,0.10018001728008918,1.0017120826091,-0.19999999999999996,,
,,2024-04-06,,,,,,1,1,7,12,5,1.0,2.0,12,1.810018001728009,3.7001712082609104,-2.0,,
,,2024-04-14,,,,,,0,0,7,10,6,1.0,1.6666666666666667,0,1.081001800172801,0.37001712082609134,-0.8,,
,,2024-04-21,,,,,,0,1,7,18,6,2.6666666666666665,2.0,18,4.60810018001728,1.837001712082609,0.19999999999999996,,
,,2024-04-24,,,,,,0,1,7,14,2,2.6666666666666665,0.6666666666666666,14,2.2608100180017283,0.18370017120826104,-0.3999999999999999,,
,,2024-04-27,,,,,,2,0,7,9,5,2.6666666666666665,1.0,0,1.126081001800173,0.9183700171208261,0.20000000000000018,,
,,2024-05-06,,,,,,0,1,7,13,0,2.3333333333333335,0.3333333333333333,13,3.7126081001800175,0.0918370017120827,1.4000000000000001,,
,,2024-05-11,,,,,,0,0,7,19,5,2.6666666666666665,0.6666666666666666,0,3.0712608100180017,0.9091837001712082,1.6,,
,,2024-05-19,,,,,,0,1,7,1,6,4.0,0.3333333333333333,1,4.8071260810018,0.0909183700171209,1.2,,
,,2023-08-12,,,,,,0,1,4,11,5,4.0,1.0,11,4.0,1.0,2.8,,
,,2023-08-19,,,,,,0,0,4,19,5,4.0,1.0,0,4.0,1.0,3.0,,
,,2023-08-26,,,,,,1,1,4,18,5,3.0,1.6666666666666667,18,1.2972972972972976,2.801801801801802,1.4,,
,,2023-09-02,,,,,,0,1,4,14,5,2.6666666666666665,1.6666666666666667,14,2.8298829882988294,1.1800180018001802,0.7999999999999998,,
,,2023-09-16,,,,,,0,0,4,13,5,2.3333333333333335,1.6666666666666667,0,2.982989829898299,1.0180001800018,2.2,,
,,2023-09-24,,,,,,0,1,4,2,6,3.0,1.0,2,2.9982989982989983,1.0018000018000017,1.5999999999999999,,
,,2023-09-30,,,,,,1,0,4,1,5,2.3333333333333335,2.6666666666666665,0,1.1998297199829722,5.500180450018044,-0.5999999999999996,,
,,2023-10-08,,,,,,2,1,4,10,6,2.0,3.0,10,1.91998297919983,2.3500180135001805,0.5999999999999999,,
,,2023-10-21,,,,,,1,0,4,12,5,1.3333333333333333,3.3333333333333335,0,1.0919982970919984,2.0350018010350017,-0.7999999999999998,,
,,2023-10-29,,,,,,2,1,4,9,6,1.3333333333333333,1.6666666666666667,9,1.00919982970092,1.10350018001035,-0.19999999999999996,,
,,2023-11-04,,,,,,2,0,4,8,5,1.0,1.3333333333333333,0,1.0009199829700093,1.0103500180001037,-0.19999999999999996,,
,,2023-11-12,,,,,,2,1,4,16,6,1.0,1.0,16,1.0000919982970002,1.0010350018000012,0.19999999999999996,,
,,2023-11-25,,,,,,0,0,4,15,5,1.6666666666666667,1.3333333333333333,0,2.80000919982988,1.9001035001800899,0.0,,
,,2023-12-03,,,,,,1,0,4,6,6,2.0,2.0,0,2.080000919982981,2.8900103500180188,-1.1999999999999997,,
,,2023-12-06,,,,,,0,1,4,3,2,2.3333333333333335,2.0,3,2.0080000919982983,1.1890010350018003,0.19999999999999996,,
,,2023-12-09,,,,,,2,1,4,5,5,1.6666666666666667,1.6666666666666667,5,1.1008000091998298,1.01890010350018,1.0,,
,,2023-12-17,,,,,,1,0,4,0,6,1.0,1.3333333333333333,0,0.11008000091998309,1.901890010350018,-1.1999999999999997,,
,,2023-12-21,,,,,,2,0,4,7,3,0.6666666666666666,1.3333333333333333,0,0.9110080000919983,1.090189001035002,-1.2,,
,,2023-12-28,,,,,,0,1,4,17,3,1.6666666666666667,1.6666666666666667,17,3.6911008000092,1.9090189001035,-0.19999999999999996,,
,,2024-01-02,,,,,,2,0,4,18,1,1.6666666666666667,1.0,0,0.3691100800009203,0.19090189001035016,0.0,,
,,2024-01-22,,,,,,2,1,4,19,0,1.3333333333333333,0.6666666666666666,19,0.03691100800009207,0.019090189001035034,0.0,,
,,2024-01-30,,,,,,1,0,4,11,1,0.0,1.3333333333333333,0,0.0036911008000092105,3.601909018900103,-0.8,,
,,2024-02-03,,,,,,0,1,4,7,5,1.3333333333333333,1.6666666666666667,7,3.6003691100800004,1.2601909018900106,-0.7999999999999998,,
,,2024-02-10,,,,,,1,0,4,17,5,1.6666666666666667,2.3333333333333335,0,1.2600369110080003,1.9260190901890013,-1.0,,
,,2024-02-18,,,,,,0,0,4,16,6,3.3333333333333335,1.0,0,4.6260036911008,0.19260190901890029,1.0,,
,,2024-02-24,,,,,,2,1,4,8,5,2.3333333333333335,1.0,8,1.3626003691100803,0.9192601909018899,0.8000000000000003,,
,,2024-03-02,,,,,,1,0,4,9,5,2.0,1.3333333333333333,0,0.13626003691100816,2.7919260190901887,0.8000000000000003,,
,,2024-03-10,,,,,,0,1,4,15,6,0.6666666666666666,1.3333333333333333,15,0.9136260036911007,0.2791926019090191,0.6000000000000001,,
,,2024-03-31,,,,,,1,0,4,10,6,0.6666666666666666,1.6666666666666667,0,0.9913626003691102,1.8279192601909018,0.0,,
,,2024-04-03,,,,,,2,0,4,3,2,0.6666666666666666,0.6666666666666666,0,0.0991362600369111,0.18279192601909033,-0.4,,
,,2024-04-06,,,,,,1,1,4,0,5,0.3333333333333333,1.6666666666666667,0,0.009913626003691119,2.718279192601909,-3.0,,
,,2024-04-13,,,,,,2,0,4,5,5,0.3333333333333333,1.3333333333333333,0,0.9009913626003689,1.171827919260191,-0.20000000000000007,,
,,2024-04-25,,,,,,1,1,4,12,3,0.3333333333333333,2.6666666666666665,12,0.09009913626003697,3.717182791926019,-2.6,,
,,2024-04-28,,,,,,1,0,4,2,6,0.3333333333333333,2.6666666666666665,0,0.009009913626003705,3.071718279192602,-1.4000000000000001,,
,,2024-05-05,,,,,,0,1,4,1,6,0.3333333333333333,2.3333333333333335,1,0.9009009913626003,0.3071718279192605,-1.6,,
,,2024-05-11,,,,,,2,0,4,14,5,0.6666666666666666,1.3333333333333333,0,0.99009009913626,0.930717182791926,-1.4,,
,,2024-05-15,,,,,,1,1,4,6,2,1.0,1.0,6,0.9990090099136261,1.8930717182791927,-2.4,,
,,2024-05-19,,,,,,1,1,4,13,6,0.6666666666666666,1.6666666666666667,13,0.0999009009913627,1.9893071718279194,-0.6,,
,,2023-08-12,,,,,,2,1,2,18,5,1.0,1.0,18,1.0,1.0,-0.3999999999999999,,
,,2023-08-19,,,,,,1,0,2,10,5,1.0,2.0,0,1.0,2.818181818181818,-0.8,,
,,2023-08-26,,,,,,1,1,2,17,5,0.6666666666666666,2.0,17,0.0990990990990992,2.081081081081081,-1.5333333333333337,,
,,2023-09-02,,,,,,2,0,2,3,5,1.0,2.3333333333333335,0,1.8100810081008099,2.008100810081008,0.0,,
,,2023-09-17,,,,,,2,1,2,6,6,0.6666666666666666,1.3333333333333333,6,0.18099180991809932,0.20079200792007937,-1.2,,
,,2023-09-24,,,,,,1,0,2,4,6,1.0,1.6666666666666667,0,0.9180999180999181,2.72008172008172,-1.0,,
,,2023-09-30,,,,,,1,1,2,0,5,0.3333333333333333,2.3333333333333335,0,0.09180990918099098,3.872008287200828,-2.4,,
,,2023-10-07,,,,,,1,0,2,8,5,0.3333333333333333,3.3333333333333335,0,0.009180990091809916,3.0872008208720088,-1.2000000000000002,,
,,2023-10-21,,,,,,1,1,2,19,5,0.3333333333333333,3.0,19,0.900918099900918,2.10872008110872,-0.7999999999999999,,
,,2023-10-28,,,,,,0,1,2,5,5,1.0,2.0,5,1.8900918100890092,1.1108720080110874,0.20000000000000007,,
,,2023-11-04,,,,,,1,0,2,12,5,1.3333333333333333,3.0,0,1.0890091810008902,5.51108720084511,-2.8,,
,,2023-11-11,,,,,,0,1,2,14,5,1.6666666666666667,2.3333333333333335,14,1.908900918100909,0.5511087200795515,0.0,,
,,2023-11-25,,,,,,0,0,2,16,5,2.0,2.3333333333333335,0,2.890890091810189,0.9551108720079954,1.0,,
,,2023-12-03,,,,,,2,1,2,1,6,2.3333333333333335,1.0,1,2.089089009181011,1.895511087200809,-0.20000000000000018,,
,,2023-12-06,,,,,,0,0,2,7,2,2.3333333333333335,1.0,0,2.0089089009181014,0.18955110872007935,0.3999999999999999,,
,,2023-12-09,,,,,,0,0,2,13,5,2.3333333333333335,0.6666666666666666,0,2.90089089009181,0.018955110872007932,1.7999999999999998,,
,,2023-12-23,,,,,,0,0,2,15,5,2.6666666666666665,0.6666666666666666,0,2.990089089009181,1.8018955110872008,1.6,,
,,2023-12-26,,,,,,0,1,2,9,1,3.0,0.6666666666666666,9,2.9990089089009184,0.18018955110872026,1.6,,
,,2023-12-31,,,,,,1,0,2,17,6,2.3333333333333335,1.6666666666666667,0,1.199900890890092,2.718018955110872,0.0,,
,,2024-01-21,,,,,,1,1,2,10,6,1.3333333333333333,2.3333333333333335,10,0.11999008908900932,3.8718018955110876,-0.20000000000000018,,
,,2024-02-01,,,,,,2,0,2,18,3,0.6666666666666666,2.6666666666666665,0,0.9119990089089008,1.287180189551109,0.20000000000000018,,
,,2024-02-04,,,,,,2,1,2,15,6,0.6666666666666666,2.0,15,0.9911999008908902,1.028718018955111,0.0,,
,,2024-02-10,,,,,,1,0,2,9,5,1.0,1.6666666666666667,0,0.9991199900890891,2.802871801895511,-0.8,,
,,2024-02-17,,,,,,2,0,2,14,5,1.3333333333333333,2.0,0,1.899911999008909,2.080287180189551,0.19999999999999996,,
,,2024-02-24,,,,,,1,1,2,12,5,1.0,2.0,12,0.18999119990089108,1.1080287180189552,-2.4,,
,,2024-03-03,,,,,,0,0,2,5,6,1.3333333333333333,1.0,0,1.8189991199900892,0.11080287180189563,0.6,,
,,2024-03-09,,,,,,2,1,2,16,5,1.3333333333333333,1.0,16,1.9818999119990088,1.8110802871801894,0.19999999999999996,,
,,2024-03-13,,,,,,0,1,2,11,2,2.6666666666666665,1.6666666666666667,11,3.798189991199901,2.881108028718019,-0.20000000000000018,,
,,2024-03-30,,,,,,0,1,2,8,5,2.6666666666666665,2.0,8,2.1798189991199903,1.1881108028718022,0.6000000000000001,,
,,2024-04-02,,,,,,0,1,2,7,1,2.3333333333333335,1.3333333333333333,7,1.1179818999119993,0.11881108028718032,0.8000000000000003,,
,,2024-04-06,,,,,,1,0,2,11,5,1.3333333333333333,1.0,0,1.0117981899911999,1.8118811080287178,-0.20000000000000018,,
,,2024-04-13,,,,,,2,1,2,13,5,1.3333333333333333,1.3333333333333333,13,1.9011798189991198,1.981188110802872,1.0,,
,,2024-04-21,,,,,,1,0,2,1,6,1.3333333333333333,2.3333333333333335,0,1.0901179818999123,2.8981188110802876,-0.8000000000000003,,
,,2024-04-24,,,,,,0,0,2,19,2,1.3333333333333333,1.6666666666666667,0,1.009011798189991,0.289811881108029,0.3999999999999999,,
,,2024-04-28,,,,,,0,1,2,4,6,1.6666666666666667,1.0,4,2.8009011798189993,0.028981188110802927,0.0,,
,,2024-05-04,,,,,,1,0,2,0,5,1.3333333333333333,1.0,0,0.2800901179819002,2.7028981188110803,-2.0,,
,,2024-05-11,,,,,,1,1,2,3,5,1.3333333333333333,1.6666666666666667,3,0.9280090117981901,2.0702898118811084,0.0,,
,,2024-05-19,,,,,,1,0,2,6,6,0.6666666666666666,2.3333333333333335,0,0.992800901179819,2.007028981188111,-0.8,,
,,2023-08-12,,,,,,0,0,9,8,5,1.0,0.0,0,1.0,0.0,-0.19999999999999996,,
,,2023-08-19,,,,,,1,1,9,3,5,0.5,1.5,3,0.09090909090909098,2.727272727272727,-1.1,,
,,2023-08-26,,,,,,2,0,9,0,5,1.0,1.6666666666666667,0,1.810810810810811,2.0720720720720722,-1.7999999999999998,,
,,2023-09-02,,,,,,1,0,9,12,5,1.0,3.3333333333333335,0,1.0810081008100811,4.707470747074707,-2.6,,
,,2023-09-16,,,,,,0,1,9,11,5,1.3333333333333333,2.3333333333333335,11,1.0081000810008098,0.4707047070470708,-1.0,,
,,2023-09-23,,,,,,2,0,9,7,5,0.6666666666666666,1.6666666666666667,0,0.10080910080910091,0.04707004707004715,0.4,,
,,2023-10-02,,,,,,1,1,9,6,0,0.3333333333333333,0.6666666666666666,6,0.010080901008090119,1.8047071804707178,-1.0,,
,,2023-10-07,,,,,,0,1,9,16,5,1.0,1.0,16,2.701008117010081,1.0804707108047074,0.0,,
,,2023-10-23,,,,,,1,0,9,17,0,1.0,1.6666666666666667,0,0.270100809270101,1.908047071908047,-1.4000000000000001,,
,,2023-10-29,,,,,,2,0,9,4,6,1.3333333333333333,1.3333333333333333,0,0.927010080992701,1.0908047071090805,-1.0,,
,,2023-11-04,,,,,,1,1,9,13,5,0.3333333333333333,1.3333333333333333,13,0.09270100809092709,1.0090804707100909,-0.3999999999999999,,
,,2023-11-12,,,,,,1,0,9,1,6,0.6666666666666666,1.6666666666666667,0,0.9092701008099091,2.800908047072801,-1.7999999999999998,,
,,2023-11-27,,,,,,0,1,9,19,0,1.3333333333333333,2.0,19,2.7909270100811785,2.080090804707208,0.0,,
,,2023-12-03,,,,,,1,0,9,10,6,2.3333333333333335,3.0,0,2.97909270100812,3.808009080470738,-1.4,,
,,2023-12-06,,,,,,0,1,9,15,2,3.6666666666666665,2.0,15,4.7979092701008135,0.3808009080470707,1.4,,
,,2023-12-10,,,,,,0,1,9,18,6,4.333333333333333,1.3333333333333333,18,4.9797909270100815,0.03808009080470706,2.4,,
,,2023-12-16,,,,,,1,0,9,14,5,3.3333333333333335,1.0,0,0.4979790927010086,2.7038080090804706,1.8000000000000003,,
,,2023-12-23,,,,,,1,1,9,5,5,1.6666666666666667,1.6666666666666667,5,0.0497979092701009,2.070380800908047,1.6,,
,,2023-12-26,,,,,,1,0,9,2,1,0.0,2.6666666666666665,0,0.004979790927010094,2.907038080090805,0.0,,
,,2023-12-31,,,,,,0,1,9,0,6,0.6666666666666666,2.0,0,1.800497979092701,1.1907038080090808,-1.2000000000000002,,
,,2024-01-13,,,,,,1,0,9,6,5,0.6666666666666666,1.6666666666666667,0,0.18004979790927025,1.0190703808009083,-0.9999999999999999,,
,,2024-01-30,,,,,,2,1,9,8,1,0.6666666666666666,0.6666666666666666,8,0.018004979790927043,0.10190703808009093,-0.6,,
,,2024-02-03,,,,,,2,0,9,5,5,0.6666666666666666,1.0,0,1.8018004979790925,1.810190703808009,-0.3999999999999999,,
,,2024-02-10,,,,,,0,1,9,2,5,1.6666666666666667,1.0,2,2.8801800497979095,1.081019070380801,-0.40000000000000013,,
,,2024-02-17,,,,,,1,1,9,1,5,2.0,1.6666666666666667,1,1.188018004979791,1.90810190703808,-0.8,,
,,2024-02-24,,,,,,0,0,9,13,5,2.0,1.3333333333333333,0,1.9188018004979792,1.0908101907038081,0.40000000000000013,,
,,2024-03-02,,,,,,0,1,9,4,5,2.0,1.0,4,2.8918801800497977,0.10908101907038091,0.6000000000000001,,
,,2024-03-09,,,,,,1,0,9,19,5,2.0,1.0,0,1.1891880180049799,1.8109081019070379,0.8,,
,,2024-03-16,,,,,,0,1,9,17,5,2.3333333333333335,0.6666666666666666,17,2.818918801800498,0.18109081019070394,0.19999999999999996,,
,,2024-03-30,,,,,,2,0,9,16,5,2.3333333333333335,1.6666666666666667,0,2.9818918801800502,2.7181090810190707,1.0,,
,,2024-04-02,,,,,,1,0,9,15,1,2.3333333333333335,2.0,0,1.1981891880180053,2.971810908101907,1.0000000000000002,,
,,2024-04-06,,,,,,1,1,9,14,5,1.3333333333333333,2.3333333333333335,14,0.11981891880180064,1.197181090810191,0.20000000000000018,,
,,2024-04-14,,,,,,0,0,9,18,6,1.0,1.3333333333333333,0,1.8119818918801802,0.11971810908101921,1.4,,
,,2024-04-21,,,,,,1,1,9,10,6,1.0,1.3333333333333333,10,1.0811981891880182,2.7119718109081017,-1.8000000000000003,,
,,2024-04-27,,,,,,2,1,9,7,5,1.3333333333333333,1.3333333333333333,7,1.0081198189188019,1.1711971810908104,0.6,,
,,2024-05-04,,,,,,2,0,9,3,5,0.6666666666666666,1.3333333333333333,0,0.10081198189188027,0.11711971810908116,-0.5999999999999999,,
,,2024-05-11,,,,,,1,1,9,12,5,0.3333333333333333,1.6666666666666667,12,0.010081198189188036,3.611711971810908,-3.2,,
,,2024-05-19,,,,,,0,0,9,11,6,1.3333333333333333,2.0,0,3.601008119818919,2.161171197181091,-1.0000000000000002,,
,,2023-08-14,,,,,,1,0,19,13,0,0.0,1.0,0,0.0,1.0,-1.0,,
,,2023-08-19,,,,,,1,1,19,4,5,0.5,2.5,4,0.9090909090909091,3.7272727272727266,-1.1,,
,,2023-08-26,,,,,,0,0,19,8,5,0.6666666666666666,1.6666666666666667,0,0.990990990990991,0.36936936936936965,-0.13333333333333341,,
,,2023-09-03,,,,,,1,0,19,7,6,1.3333333333333333,2.3333333333333335,0,1.899189918991899,2.7371737173717365,0.19999999999999996,,
,,2023-09-16,,,,,,1,1,19,10,5,1.3333333333333333,2.0,10,1.0899108991089912,2.9737197371973716,-2.4,,
,,2023-09-23,,,,,,2,0,19,11,5,1.3333333333333333,2.3333333333333335,0,1.0089910089910092,1.1973701973701976,-0.40000000000000013,,
,,2023-09-30,,,,,,0,1,19,12,5,1.3333333333333333,1.6666666666666667,12,1.9008991900899186,1.0197370019737002,-2.0,,
,,2023-10-08,,,,,,2,1,19,1,6,1.3333333333333333,1.0,1,1.0900899109008992,1.001973700019737,-0.8000000000000003,,
,,2023-10-21,,,,,,0,0,19,2,5,1.6666666666666667,1.0,0,1.909008991909009,1.0001973700001974,-0.40000000000000013,,
,,2023-10-28,,,,,,2,1,19,14,5,1.6666666666666667,1.3333333333333333,14,1.9909008991990902,1.9000197370900018,0.0,,
,,2023-11-04,,,,,,1,0,19,16,5,1.6666666666666667,1.6666666666666667,0,1.099090089910991,1.9900019737099004,-0.19999999999999996,,
,,2023-11-11,,,,,,0,1,19,17,5,1.6666666666666667,1.6666666666666667,17,1.90990900899191,1.0990001973700991,0.0,,
,,2023-11-27,,,,,,1,0,19,9,0,1.6666666666666667,2.0,0,1.9909909008991988,2.809900019737181,-0.19999999999999996,,
,,2023-12-02,,,,,,1,0,19,0,5,1.6666666666666667,2.0,0,1.0990990900899111,2.080990001973711,-0.7999999999999998,,
,,2023-12-05,,,,,,0,1,19,5,1,1.3333333333333333,1.6666666666666667,5,1.0099099090089911,0.2080990001973694,0.3999999999999999,,
,,2023-12-09,,,,,,2,1,19,15,5,1.0,1.0,15,1.000990990900899,0.920809900019737,0.0,,
,,2023-12-17,,,,,,1,0,19,18,6,0.6666666666666666,1.3333333333333333,0,0.10009909909008999,2.7920809900019736,0.0,,
,,2023-12-24,,,,,,0,1,19,6,6,1.0,1.6666666666666667,6,1.8100099099090088,1.1792080990001976,-0.19999999999999996,,
,,2023-12-27,,,,,,0,0,19,3,2,2.0,1.6666666666666667,0,3.7810009909909006,1.0179208099000197,0.0,,
,,2023-12-30,,,,,,0,1,19,8,5,3.0,0.6666666666666666,8,3.0781000990990903,0.10179208099000206,1.8,,
,,2024-01-22,,,,,,2,0,19,4,0,2.3333333333333335,0.3333333333333333,0,0.3078100099099093,0.010179208099000215,0.8,,
,,2024-02-01,,,,,,1,1,19,13,3,2.0,1.3333333333333333,13,2.730781000990991,3.6010179208099,0.5999999999999999,,
,,2024-02-04,,,,,,0,0,19,6,6,2.3333333333333335,2.0,0,3.8730781000990993,2.16010179208099,1.1999999999999997,,
,,2024-02-10,,,,,,1,1,19,3,5,2.3333333333333335,2.6666666666666665,3,0.38730781000991027,2.016010179208099,0.3999999999999999,,
,,2024-02-17,,,,,,0,0,19,17,5,2.0,1.6666666666666667,0,1.838730781000991,1.10160101792081,0.40000000000000013,,
,,2024-02-25,,,,,,0,1,19,16,6,1.0,1.0,16,1.0838730781000994,0.1101601017920811,0.3999999999999999,,
,,2024-03-02,,,,,,1,0,19,14,5,1.0,1.3333333333333333,0,0.10838730781001003,2.711016010179208,-0.8000000000000003,,
,,2024-03-09,,,,,,0,1,19,9,5,1.0,1.3333333333333333,9,1.810838730781001,1.171101601017921,-1.0,,
,,2024-03-30,,,,,,1,0,19,1,5,0.6666666666666666,2.0,0,0.18108387307810028,1.917110160101792,-1.2000000000000002,,
,,2024-04-02,,,,,,2,0,19,5,1,1.0,1.3333333333333333,0,0.9181083873078099,1.0917110160101793,-0.19999999999999996,,
,,2024-04-06,,,,,,1,1,19,18,5,0.6666666666666666,1.6666666666666667,18,0.9918108387307811,1.909171101601018,-0.3999999999999999,,
,,2024-04-13,,,,,,2,0,19,15,5,1.3333333333333333,1.6666666666666667,0,1.8991810838730783,1.990917110160102,-0.19999999999999996,,
,,2024-04-20,,,,,,1,1,19,0,5,1.0,2.0,0,0.189918108387308,1.99909171101601,-1.2,,
,,2024-04-24,,,,,,1,1,19,2,2,0.6666666666666666,1.6666666666666667,2,0.01899181083873082,1.0999091711016011,-1.0,,
,,2024-04-27,,,,,,0,1,19,11,5,0.6666666666666666,1.3333333333333333,11,1.8018991810838731,1.0099909171101602,-0.19999999999999996,,
,,2024-05-04,,,,,,1,0,19,12,5,1.0,2.3333333333333335,0,1.0801899181083874,4.6009990917110155,-2.2,,
,,2024-05-11,,,,,,1,1,19,7,5,1.3333333333333333,3.0,7,1.0080189918108389,3.1600999091711017,-0.5999999999999999,,
,,2024-05-19,,,,,,1,0,19,10,6,0.6666666666666666,3.3333333333333335,0,0.10080189918108398,2.11600999091711,-2.4000000000000004,,
,,2023-08-12,,,,,,1,1,8,9,5,0.0,1.0,9,0.0,1.0,-1.6,,
,,2023-08-20,,,,,,1,0,8,1,6,0.0,2.5,0,0.0,3.7272727272727266,-2.4,,
,,2023-08-26,,,,,,1,1,8,19,5,0.0,2.0,19,0.0,1.2702702702702704,-1.4,,
,,2023-09-02,,,,,,2,0,8,16,5,0.6666666666666666,2.3333333333333335,0,1.8001800180018,1.9270927092709267,-1.1,,
,,2023-09-17,,,,,,1,1,8,0,6,0.6666666666666666,1.3333333333333333,0,0.1800018000180003,1.09270092700927,-1.2000000000000002,,
,,2023-09-23,,,,,,0,0,8,3,5,1.6666666666666667,1.3333333333333333,0,2.718002718002718,1.0092700092700093,-0.3999999999999999,,
,,2023-09-30,,,,,,1,1,8,11,5,1.3333333333333333,1.3333333333333333,11,1.1718001171800119,1.9009270900927089,0.0,,
,,2023-10-07,,,,,,0,1,8,2,5,2.3333333333333335,1.0,2,2.8171800281718005,0.19009269190092712,0.6000000000000001,,
,,2023-10-21,,,,,,1,0,8,10,5,1.3333333333333333,1.3333333333333333,0,0.28171800028171823,1.819009270819009,-1.4,,
,,2023-10-29,,,,,,0,0,8,18,6,1.3333333333333333,0.6666666666666666,0,0.9281718000928173,0.1819009269181903,0.6000000000000001,,
,,2023-11-04,,,,,,2,1,8,4,5,0.6666666666666666,1.0,4,0.9928171800099281,0.918190092699182,0.0,,
,,2023-11-11,,,,,,0,0,8,7,5,1.6666666666666667,1.0,0,2.799281718002799,1.8918190092708917,-0.19999999999999996,,
,,2023-11-26,,,,,,1,1,8,13,6,1.3333333333333333,2.0,13,0.2799281718000282,2.8891819009271886,-1.0,,
,,2023-12-02,,,,,,0,0,8,15,5,1.3333333333333333,1.6666666666666667,0,0.9279928171800093,0.28891819009269315,0.0,,
,,2023-12-07,,,,,,0,1,8,14,3,1.3333333333333333,1.0,14,2.7927992817180027,0.028891819009269078,-0.19999999999999996,,
,,2023-12-10,,,,,,0,1,8,6,6,2.0,0.0,6,2.0792799281718,0.0028891819009269075,0.6000000000000001,,
,,2023-12-16,,,,,,0,0,8,5,5,2.3333333333333335,0.0,0,2.00792799281718,0.00028891819009269103,0.6000000000000001,,
,,2023-12-23,,,,,,1,0,8,17,5,1.6666666666666667,0.6666666666666666,0,1.1007927992817181,1.800028891819009,0.6000000000000001,,
,,2023-12-27,,,,,,1,1,8,12,2,1.3333333333333333,1.6666666666666667,12,1.010079279928172,2.880002889181901,-1.8,,
,,2023-12-30,,,,,,1,0,8,19,5,0.6666666666666666,2.6666666666666665,0,0.10100792799281728,2.9880002889181903,-0.40000000000000013,,
,,2024-01-14,,,,,,2,1,8,1,6,0.3333333333333333,2.0,1,0.010100792799281737,0.2988000288918193,-1.0,,
,,2024-01-30,,,,,,2,0,8,9,1,0.0,1.0,0,0.0010100792799281745,0.029880002889181956,-1.2000000000000002,,
,,2024-02-03,,,,,,2,1,8,17,5,0.6666666666666666,0.6666666666666666,17,1.8001010079279929,1.802988000288918,-0.6,,
,,2024-02-10,,,,,,1,0,8,12,5,0.6666666666666666,1.3333333333333333,0,0.18001010079279944,1.980298800028892,-2.6,,
,,2024-02-19,,,,,,2,1,8,7,0,1.0,1.6666666666666667,7,0.91800101007928,1.0980298800028894,-1.4,,
,,2024-02-24,,,,,,2,0,8,4,5,0.6666666666666666,1.3333333333333333,0,0.991800101007928,1.009802988000289,-0.3999999999999999,,
,,2024-03-02,,,,,,1,1,8,18,5,1.0,1.6666666666666667,18,0.9991800101007928,2.800980298800029,-0.6000000000000001,,
,,2024-03-09,,,,,,1,0,8,13,5,0.6666666666666666,2.0,0,0.09991800101007937,2.0800980298800034,-1.6,,
,,2024-03-30,,,,,,1,0,8,2,5,0.6666666666666666,2.3333333333333335,0,0.9099918001010079,2.0080098029880005,-0.19999999999999996,,
,,2024-04-02,,,,,,2,0,8,14,1,0.6666666666666666,1.6666666666666667,0,0.9909991800101008,1.1008009802988001,-0.5999999999999999,,
,,2024-04-06,,,,,,0,1,8,5,5,1.0,1.0,5,0.9990999180010101,0.11008009802988011,0.20000000000000007,,
,,2024-04-15,,,,,,1,0,8,6,0,0.6666666666666666,2.3333333333333335,0,0.09990999180010109,5.411008009802988,-1.4,,
,,2024-04-21,,,,,,0,1,8,15,6,1.0,2.0,15,1.80999099918001,0.5411008009802992,-0.19999999999999996,,
,,2024-04-24,,,,,,0,1,8,10,2,1.3333333333333333,2.0,10,1.980999099918001,0.05411008009802997,-0.8,,
,,2024-04-27,,,,,,0,1,8,3,5,1.6666666666666667,0.0,3,1.0980999099918003,0.005411008009803002,0.3999999999999999,,
,,2024-05-03,,,,,,2,0,8,11,4,1.3333333333333333,0.3333333333333333,0,1.00980999099918,0.9005411008009803,-0.19999999999999996,,
,,2024-05-11,,,,,,0,1,8,16,5,1.0,0.3333333333333333,16,1.0009809990999181,0.0900541100800981,0.0,,
,,2024-05-19,,,,,,1,0,8,0,6,1.0,1.0,0,1.000098099909992,1.8090054110080098,-0.40000000000000013,,
,,2023-08-13,,,,,,2,1,3,17,6,2.0,2.0,17,2.0,2.0,0.3999999999999999,,
,,2023-08-19,,,,,,0,0,3,9,5,2.5,1.0,0,2.909090909090909,0.18181818181818196,1.5,,
,,2023-08-26,,,,,,2,1,3,7,5,2.0,1.0,7,1.1891891891891893,0.9189189189189189,0.0,,
,,2023-09-02,,,,,,2,1,3,2,5,2.0,1.0,2,1.9189918991899186,1.8919891989198918,0.8,,
,,2023-09-16,,,,,,1,0,3,14,5,1.0,1.3333333333333333,0,0.19188191881918834,1.089190891908919,0.20000000000000018,,
,,2023-09-23,,,,,,1,1,3,8,5,1.0,2.0,8,0.9191889191889192,2.808920808920809,0.7999999999999999,,
,,2023-10-01,,,,,,2,0,3,15,6,0.6666666666666666,1.6666666666666667,0,0.9919188991918898,1.180891918089192,0.19999999999999996,,
,,2023-10-07,,,,,,1,0,3,13,5,1.0,2.0,0,0.9991918899919189,1.918089199180892,-1.4,,
,,2023-10-21,,,,,,0,1,3,5,5,1.6666666666666667,1.0,5,2.7999191907999186,0.19180891819180906,1.0,,
,,2023-10-28,,,,,,0,0,3,6,5,2.0,0.6666666666666666,0,2.079991919007999,0.019180891801918124,-0.19999999999999996,,
,,2023-11-04,,,,,,0,1,3,18,5,2.6666666666666665,0.6666666666666666,18,2.90799919190908,1.801918089198019,0.0,,
,,2023-11-12,,,,,,1,0,3,10,6,1.6666666666666667,1.6666666666666667,0,0.29079991918829107,2.88019180892088,-0.19999999999999996,,
,,2023-11-25,,,,,,1,1,3,0,5,1.0,2.0,0,0.029079991918802964,1.188019180891919,0.0,,
,,2023-12-02,,,,,,0,1,3,11,5,1.0,1.6666666666666667,11,2.7029079991919067,1.0188019180891903,0.40000000000000013,,
,,2023-12-06,,,,,,1,0,3,4,2,1.3333333333333333,1.3333333333333333,0,1.1702907999191894,1.9018801918089197,-0.20000000000000018,,
,,2023-12-09,,,,,,1,0,3,16,5,1.3333333333333333,1.3333333333333333,0,0.11702907999191893,1.090188019180892,-0.19999999999999996,,
,,2023-12-17,,,,,,1,1,3,1,6,0.6666666666666666,1.6666666666666667,1,0.911702907999192,1.909018801918089,-0.8,,
,,2023-12-27,,,,,,1,1,3,19,2,0.6666666666666666,2.3333333333333335,19,0.9911702907999193,3.790901880191809,-1.2,,
,,2023-12-30,,,,,,1,0,3,7,5,1.0,3.0,0,0.999117029079992,3.079090188019181,-1.2,,
,,2024-01-20,,,,,,0,1,3,15,5,1.6666666666666667,3.0,15,2.799911702907999,2.1079090188019185,0.19999999999999996,,
,,2024-01-31,,,,,,1,0,3,17,2,2.0,2.6666666666666665,0,2.0799911702908,2.910790901880192,-0.3999999999999999,,
,,2024-02-05,,,,,,1,1,3,12,0,2.0,2.6666666666666665,12,1.1079991170290802,2.9910790901880193,-1.1999999999999997,,
,,2024-02-10,,,,,,0,0,3,19,5,1.6666666666666667,2.0,0,1.910799911702908,0.2991079090188022,-0.19999999999999996,,
,,2024-02-17,,,,,,1,1,3,10,5,1.3333333333333333,2.3333333333333335,10,1.091079991170291,3.6299107909018797,-0.40000000000000013,,
,,2024-02-20,,,,,,1,0,3,12,1,1.0,1.6666666666666667,0,0.1091079991170292,1.2629910790901884,-1.5999999999999999,,
,,2024-02-26,,,,,,1,0,3,18,0,1.0,3.0,0,1.8109107999117027,3.7262991079090186,-1.0000000000000002,,
,,2024-03-02,,,,,,2,1,3,6,5,1.3333333333333333,2.3333333333333335,6,1.9810910799911705,2.172629910790902,-0.6000000000000001,,
,,2024-03-09,,,,,,1,0,3,0,5,1.6666666666666667,2.6666666666666665,0,1.0981091079991172,2.0172629910790905,-0.40000000000000013,,
,,2024-03-16,,,,,,1,0,3,5,5,1.3333333333333333,2.0,0,1.0098109107999118,2.001726299107909,0.6,,
,,2024-03-30,,,,,,2,1,3,13,5,1.0,1.6666666666666667,13,1.0009810910799912,1.100172629910791,-1.0,,
,,2024-04-03,,,,,,2,1,3,4,2,0.6666666666666666,1.0,4,0.10009810910799921,0.11001726299107921,0.19999999999999996,,
,,2024-04-06,,,,,,2,0,3,1,5,1.3333333333333333,1.3333333333333333,0,2.7100098109107997,2.7110017262991075,-1.0000000000000002,,
,,2024-04-13,,,,,,0,1,3,16,5,1.6666666666666667,1.0,16,2.07100098109108,0.271100172629911,0.7999999999999999,,
,,2024-04-20,,,,,,0,0,3,11,5,3.3333333333333335,1.3333333333333333,0,4.707100098109108,0.9271100172629911,1.0000000000000002,,
,,2024-04-27,,,,,,1,0,3,8,5,2.3333333333333335,0.6666666666666666,0,0.47071000981091127,0.9927110017262991,1.2,,
,,2024-05-04,,,,,,2,1,3,9,5,1.6666666666666667,0.6666666666666666,9,0.04707100098109117,0.09927110017263,1.6,,
,,2024-05-11,,,,,,0,0,3,2,5,0.6666666666666666,0.6666666666666666,0,1.804707100098109,0.9099271100172629,0.6000000000000001,,
,,2024-05-19,,,,,,1,1,3,14,6,1.3333333333333333,1.6666666666666667,14,1.980470710009811,3.690992711001726,0.0,,
,,2023-08-12,,,,,,1,0,15,0,5,1.0,2.0,0,1.0,2.0,-0.6000000000000001,,
,,2023-08-18,,,,,,0,1,15,16,4,1.5,1.5,16,1.909090909090909,1.090909090909091,0.7,,
,,2023-08-26,,,,,,1,0,15,13,5,1.6666666666666667,2.0,0,1.9909909909909909,2.8108108108108105,-0.5333333333333334,,
,,2023-09-02,,,,,,0,0,15,6,5,1.6666666666666667,1.3333333333333333,0,1.0990099009900989,0.28082808280828103,-0.10000000000000009,,
,,2023-09-18,,,,,,2,1,15,5,0,1.3333333333333333,1.3333333333333333,5,1.0099000990009899,0.9280892808928088,0.7999999999999999,,
,,2023-09-23,,,,,,1,0,15,12,5,0.6666666666666666,1.0,0,0.10098910098910109,1.8928098928098929,-1.0000000000000002,,
,,2023-10-01,,,,,,2,1,15,3,6,0.6666666666666666,1.3333333333333333,3,0.9100989910098989,1.089280908928091,0.0,,
,,2023-10-07,,,,,,2,0,15,7,5,0.3333333333333333,1.0,0,0.09100989091009898,0.10892808108928094,-0.7999999999999999,,
,,2023-10-21,,,,,,2,1,15,11,5,1.0,1.0,11,1.8091009908091007,1.8108928098108925,-0.5999999999999999,,
,,2023-10-29,,,,,,1,0,15,10,6,0.6666666666666666,1.6666666666666667,0,0.18091009891809118,2.881089281088109,-1.7999999999999998,,
,,2023-11-05,,,,,,0,1,15,1,6,1.3333333333333333,1.6666666666666667,1,1.818091009908181,0.28810892808288135,-0.8,,
,,2023-11-12,,,,,,1,0,15,18,6,1.3333333333333333,2.0,0,1.9818091009909817,2.7288108928107286,-1.2,,
,,2023-11-25,,,,,,1,1,15,4,5,2.0,2.0,4,1.9981809100991,2.9728810892810973,0.20000000000000018,,
,,2023-12-02,,,,,,1,1,15,8,5,1.3333333333333333,2.3333333333333335,8,0.1998180910098922,1.1972881089280922,0.19999999999999996,,
,,2023-12-06,,,,,,1,0,15,9,2,0.6666666666666666,3.0,0,0.01998180910098906,4.619728810892813,0.0,,
,,2023-12-09,,,,,,2,0,15,19,5,0.3333333333333333,2.3333333333333335,0,0.901998180910099,1.3619728810892813,-0.8,,
,,2023-12-15,,,,,,1,1,15,17,4,0.3333333333333333,2.6666666666666665,17,0.09019981809100998,1.936197288108928,-1.6,,
,,2023-12-23,,,,,,1,1,15,2,5,1.0,2.0,2,1.809019981809101,2.893619728810893,-1.0,,
,,2023-12-26,,,,,,0,0,15,14,1,1.6666666666666667,2.0,0,2.88090199818091,1.1893619728810896,-0.19999999999999996,,
,,2023-12-30,,,,,,0,1,15,13,5,2.3333333333333335,1.6666666666666667,13,2.088090199818091,1.018936197288109,-0.19999999999999996,,
,,2024-01-20,,,,,,1,0,15,3,5,2.3333333333333335,1.6666666666666667,0,2.008809019981809,2.801893619728811,0.40000000000000013,,
,,2024-01-30,,,,,,1,1,15,0,1,1.6666666666666667,2.0,0,1.100880901998181,2.0801893619728813,0.19999999999999996,,
,,2024-02-04,,,,,,2,0,15,2,6,1.3333333333333333,2.0,0,1.0100880901998182,1.1080189361972883,0.0,,
,,2024-02-10,,,,,,1,1,15,14,5,1.3333333333333333,2.0,14,1.901008809019982,2.810801893619729,-0.3999999999999999,,
,,2024-02-17,,,,,,0,1,15,18,5,1.6666666666666667,1.3333333333333333,18,1.9901008809019984,0.28108018936197315,-0.7999999999999998,,
,,2024-02-24,,,,,,1,0,15,1,5,2.0,2.3333333333333335,0,1.9990100880901998,3.6281080189361976,-0.19999999999999996,,
,,2024-03-02,,,,,,1,1,15,10,5,1.3333333333333333,1.6666666666666667,10,0.19990100880902015,1.26281080189362,-0.8000000000000003,,
,,2024-03-10,,,,,,1,0,15,4,6,0.6666666666666666,2.0,0,0.019990100880902032,1.026281080189362,-0.19999999999999996,,
,,2024-03-16,,,,,,2,0,15,11,5,0.3333333333333333,1.0,0,0.9019990100880902,1.0026281080189363,-0.19999999999999996,,
,,2024-03-30,,,,,,2,1,15,7,5,0.6666666666666666,1.0,7,0.9901999010088091,1.0002628108018938,-0.3999999999999999,,
,,2024-04-02,,,,,,0,1,15,9,1,1.6666666666666667,1.0,9,2.7990199901008808,1.0000262810801894,-0.19999999999999996,,
,,2024-04-07,,,,,,1,0,15,17,6,1.6666666666666667,1.6666666666666667,0,1.1799019990100883,2.8000026281080186,-1.2,,
,,2024-04-13,,,,,,2,1,15,19,5,2.0,2.0,19,1.917990199901009,2.080000262810802,-0.3999999999999999,,
,,2024-04-21,,,,,,1,0,15,8,6,1.0,2.3333333333333335,0,0.19179901999010107,2.00800002628108,0.0,,
,,2024-04-28,,,,,,1,1,15,12,6,0.6666666666666666,2.0,12,0.019179901999010124,2.0008000026281083,-0.8,,
,,2024-05-04,,,,,,0,0,15,16,5,1.0,1.6666666666666667,0,2.701917990199901,1.1000800002628108,0.6,,
,,2024-05-11,,,,,,1,1,15,6,5,1.6666666666666667,2.0,6,2.0701917990199905,2.810008000026281,-0.8000000000000003,,
,,2024-05-19,,,,,,0,0,15,5,6,2.3333333333333335,1.6666666666666667,0,2.007019179901999,1.1810008000026282,0.5999999999999999,,
,,2023-08-12,,,,,,1,0,11,4,5,1.0,4.0,0,1.0,4.0,-1.0,,
,,2023-08-25,,,,,,1,0,11,6,4,0.5,3.5,0,0.09090909090909098,3.090909090909091,-1.1,,
,,2023-09-01,,,,,,1,1,11,18,4,0.6666666666666666,3.0,18,0.9099099099099098,2.1081081081081083,-1.5333333333333337,,
,,2023-09-16,,,,,,1,0,11,9,5,0.3333333333333333,2.0,0,0.09090909090909097,1.1107110711071106,-0.8999999999999999,,
,,2023-09-23,,,,,,2,1,11,19,5,0.6666666666666666,1.3333333333333333,19,0.9090990909909098,1.011070110701107,-1.0,,
,,2023-09-30,,,,,,0,0,11,8,5,1.0,1.0,0,1.890910890910891,1.0011070011070011,-0.8,,
,,2023-10-03,,,,,,1,1,11,5,1,1.3333333333333333,1.3333333333333333,5,1.0890910089091008,1.9001107900110787,-0.19999999999999996,,
,,2023-10-07,,,,,,1,1,11,17,5,1.0,1.3333333333333333,17,0.10890909108909101,1.090011070900111,-1.4000000000000001,,
,,2023-10-21,,,,,,2,0,11,15,5,1.0,1.6666666666666667,0,1.8108909108108906,1.909001107909001,0.19999999999999996,,
,,2023-10-29,,,,,,1,0,11,1,6,1.0,2.0,0,1.081089091008109,2.89090011088909,-1.2,,
,,2023-11-05,,,,,,2,1,11,10,6,1.3333333333333333,2.0,10,1.0081089091000812,1.1890900110718912,-1.4,,
,,2023-11-11,,,,,,1,0,11,13,5,0.6666666666666666,1.6666666666666667,0,0.1008108909091009,1.018909001107019,-0.8,,
,,2023-11-25,,,,,,0,1,11,7,5,1.0,1.0,7,1.8100810890910808,1.0018909001107001,0.0,,
,,2023-12-02,,,,,,1,0,11,3,5,1.0,1.6666666666666667,0,1.0810081089091008,2.800189090011088,-0.6000000000000001,,
,,2023-12-05,,,,,,1,1,11,0,1,2.0,2.6666666666666665,0,2.808100810890912,3.88001890900111,-0.8000000000000003,,
,,2023-12-10,,,,,,1,1,11,12,6,1.6666666666666667,3.0,12,1.1808100810890911,2.188001890900111,-0.6000000000000001,,
,,2023-12-23,,,,,,0,1,11,14,5,1.6666666666666667,2.0,14,1.0180810081089093,0.21880018909001128,-0.19999999999999996,,
,,2023-12-26,,,,,,0,0,11,16,1,1.6666666666666667,1.3333333333333333,0,2.801808100810891,1.821880018909001,0.8,,
,,2023-12-30,,,,,,1,1,11,6,5,2.0,1.6666666666666667,6,2.0801808100810897,2.8821880018909,-0.20000000000000018,,
,,2024-01-12,,,,,,2,0,11,5,4,2.0,2.0,0,1.108018081008109,1.1882188001890903,0.20000000000000018,,
,,2024-01-30,,,,,,0,1,11,4,1,2.3333333333333335,1.3333333333333333,4,3.7108018081008107,0.11882188001890913,0.6000000000000001,,
,,2024-02-03,,,,,,2,0,11,14,5,3.0,1.6666666666666667,0,3.9710801808100813,3.611882188001891,0.3999999999999999,,
,,2024-02-10,,,,,,1,1,11,16,5,3.0,2.3333333333333335,16,1.2971080180810084,3.061188218800189,1.0,,
,,2024-02-18,,,,,,1,1,11,13,6,2.0,3.0,13,1.029710801808101,2.106118821880019,0.6000000000000001,,
,,2024-02-21,,,,,,1,0,11,10,2,1.0,3.0,0,1.00297108018081,3.810611882188002,-0.3999999999999999,,
,,2024-03-02,,,,,,1,1,11,1,5,1.3333333333333333,3.0,1,1.9002971080180813,3.0810611882188006,-0.8,,
,,2024-03-09,,,,,,2,0,11,7,5,1.3333333333333333,2.6666666666666665,0,1.0900297108018082,1.2081061188218805,0.0,,
,,2024-03-13,,,,,,1,0,11,2,2,2.0,2.6666666666666665,0,2.8090029710801807,3.720810611882188,-0.6000000000000001,,
,,2024-03-16,,,,,,2,1,11,15,5,1.6666666666666667,2.0,15,1.1809002971080182,1.2720810611882192,0.40000000000000013,,
,,2024-03-30,,,,,,1,0,11,17,5,1.6666666666666667,2.3333333333333335,0,1.0180900297108018,1.927208106118822,-0.6000000000000001,,
,,2024-04-03,,,,,,1,0,11,0,2,0.6666666666666666,1.6666666666666667,0,0.10180900297108027,1.9927208106118823,-1.2,,
,,2024-04-06,,,,,,0,1,11,2,5,1.0,1.6666666666666667,2,1.8101809002971079,1.0992720810611885,-0.6000000000000001,,
,,2024-04-13,,,,,,1,0,11,12,5,1.0,2.6666666666666665,0,1.0810180900297108,4.609927208106119,-1.4,,
,,2024-04-20,,,,,,1,1,11,3,5,1.3333333333333333,3.6666666666666665,3,1.0081018090029712,4.960992720810612,-1.4,,
,,2024-04-27,,,,,,1,0,11,19,5,1.0,4.0,0,1.0008101809002972,2.296099272081062,-0.19999999999999996,,
,,2024-05-03,,,,,,2,1,11,8,4,1.0,2.6666666666666665,8,1.0000810180900297,1.1296099272081064,0.0,,
,,2024-05-11,,,,,,1,0,11,18,5,1.0,2.0,0,1.000008101809003,2.8129609927208103,-1.4,,
,,2024-05-19,,,,,,1,1,11,9,6,1.3333333333333333,2.6666666666666665,9,1.9000008101809003,3.881296099272081,-1.0000000000000002,,
,,2023-08-11,,,,,,1,1,5,12,4,0.0,3.0,12,0.0,3.0,-2.8,,
,,2023-08-27,,,,,,1,1,5,1,6,0.5,3.0,1,0.9090909090909091,3.0,-2.1,,
,,2023-09-02,,,,,,1,1,5,17,5,1.0,3.6666666666666665,17,1.8918918918918919,4.801801801801801,-1.6,,
,,2023-09-18,,,,,,2,0,5,15,0,1.3333333333333333,3.0,0,1.089108910891089,1.3798379837983799,-0.3999999999999999,,
,,2023-09-23,,,,,,1,1,5,13,5,1.0,2.3333333333333335,13,0.10890108901089018,1.037980379803798,-0.8,,
,,2023-09-30,,,,,,1,0,5,14,5,0.3333333333333333,1.3333333333333333,0,0.010890010890010909,1.9037989037989038,-1.2,,
,,2023-10-03,,,,,,0,0,5,11,1,0.6666666666666666,1.3333333333333333,0,1.8010891801089177,1.0903798090379808,-0.19999999999999996,,
,,2023-10-07,,,,,,1,1,5,6,5,1.0,2.3333333333333335,6,1.0801089108010893,3.7090380070903803,-1.8,,
,,2023-10-21,,,,,,1,0,5,3,5,1.0,2.6666666666666665,0,0.10801089010801099,3.0709038000709037,-2.4,,
,,2023-10-28,,,,,,1,0,5,2,5,0.6666666666666666,3.0,0,0.91080108909108,2.1070903799107095,-1.4000000000000001,,
,,2023-11-04,,,,,,1,1,5,7,5,0.3333333333333333,2.3333333333333335,7,0.09108010890091088,2.0107090379901074,-0.19999999999999996,,
,,2023-11-11,,,,,,1,0,5,0,5,0.6666666666666666,2.3333333333333335,0,0.9091080108909091,2.9010709037999014,-2.0,,
,,2023-11-25,,,,,,1,1,5,18,5,0.6666666666666666,2.3333333333333335,18,0.9909108010890991,2.090107090379909,-1.4,,
,,2023-12-02,,,,,,0,1,5,16,5,2.3333333333333335,1.6666666666666667,16,4.599091080108946,0.2090107090379723,0.20000000000000018,,
,,2023-12-05,,,,,,1,0,5,19,1,2.0,1.0,0,0.45990910801089085,0.9209010709037979,0.0,,
,,2023-12-09,,,,,,2,0,5,4,5,2.0,0.6666666666666666,0,0.945990910801089,0.9920901070903797,-0.19999999999999996,,
,,2023-12-16,,,,,,1,1,5,8,5,0.3333333333333333,1.3333333333333333,8,0.09459909108010899,1.899209010709038,0.0,,
,,2023-12-23,,,,,,0,0,5,9,5,1.0,1.0,0,1.8094599091080108,0.18992090107090398,-0.6000000000000001,,
,,2023-12-26,,,,,,1,1,5,10,1,0.6666666666666666,1.3333333333333333,10,0.18094599091080124,1.8189920901070902,-1.6,,
,,2023-12-30,,,,,,1,0,5,1,5,1.3333333333333333,1.6666666666666667,0,1.8180945990910802,2.8818992090107094,-2.2,,
,,2024-01-12,,,,,,2,1,5,11,4,1.0,2.0,11,1.0818094599091082,1.1881899209010713,-0.19999999999999996,,
,,2024-01-31,,,,,,1,0,5,12,2,1.3333333333333333,2.3333333333333335,0,1.0081809459909108,2.818818992090107,-1.8,,
,,2024-02-03,,,,,,2,1,5,9,5,1.3333333333333333,2.0,9,1.9008180945990911,2.081881899209011,-0.40000000000000013,,
,,2024-02-10,,,,,,1,0,5,10,5,1.3333333333333333,2.6666666666666665,0,1.0900818094599094,2.9081881899209012,-0.8000000000000003,,
,,2024-02-17,,,,,,1,1,5,0,5,1.0,3.3333333333333335,0,0.10900818094599105,4.79081881899209,-2.2,,
,,2024-02-24,,,,,,1,0,5,7,5,0.3333333333333333,3.6666666666666665,0,0.010900818094599115,3.1790818818992093,-0.8,,
,,2024-03-03,,,,,,1,1,5,2,6,0.0,3.3333333333333335,2,0.0010900818094599124,2.117908188189921,-1.4,,
,,2024-03-10,,,,,,2,0,5,18,6,0.6666666666666666,2.3333333333333335,0,1.8001090081809457,2.011790818818992,-1.2000000000000002,,
,,2024-03-16,,,,,,0,1,5,3,5,1.3333333333333333,1.6666666666666667,3,1.9800109008180946,1.1011790818818994,-2.2,,
,,2024-03-30,,,,,,2,0,5,6,5,2.0,1.6666666666666667,0,1.9980010900818097,1.91011790818819,-1.8,,
,,2024-04-02,,,,,,2,1,5,19,1,1.6666666666666667,1.3333333333333333,19,1.0998001090081813,1.091011790818819,0.0,,
,,2024-04-06,,,,,,1,0,5,8,5,1.0,1.3333333333333333,0,0.10998001090081821,1.009101179081882,0.0,,
,,2024-04-13,,,,,,2,1,5,4,5,0.6666666666666666,1.0,4,0.9109980010900817,1.000910117908188,-0.19999999999999996,,
,,2024-04-20,,,,,,0,0,5,16,5,1.6666666666666667,1.0,0,3.691099800109008,1.0000910117908188,0.20000000000000018,,
,,2024-04-27,,,,,,2,0,5,13,5,2.0,1.0,0,1.269109980010901,1.000009101179082,0.19999999999999996,,
,,2024-05-04,,,,,,1,1,5,14,5,2.0,2.0,14,1.0269109980010902,3.7000009101179083,-1.2000000000000002,,
,,2024-05-11,,,,,,1,0,5,17,5,1.0,2.3333333333333335,0,1.002691099800109,2.170000091011791,-1.0,,
,,2024-05-19,,,,,,1,1,5,15,6,1.0,2.6666666666666665,15,1.000269109980011,2.0170000091011793,0.0,,
,,2023-08-12,,,,,,1,1,16,7,5,0.0,1.0,7,0.0,1.0,-1.6,,
,,2023-08-18,,,,,,1,0,16,15,4,0.5,1.5,0,0.9090909090909091,1.909090909090909,-1.1,,
,,2023-08-27,,,,,,1,1,16,12,6,0.6666666666666666,1.6666666666666667,12,0.990990990990991,1.9909909909909909,-2.3333333333333335,,
,,2023-09-02,,,,,,2,1,16,8,5,1.3333333333333333,2.0,8,1.899189918991899,1.9990999099909987,-0.3999999999999999,,
,,2023-09-16,,,,,,1,0,16,17,5,1.3333333333333333,2.0,0,1.0899108991089912,1.999909999099991,-1.4,,
,,2023-09-24,,,,,,1,1,16,14,6,1.0,4.0,14,0.10899010899010912,7.3999963999964,-2.6,,
,,2023-09-30,,,,,,1,0,16,18,5,0.3333333333333333,4.0,0,0.01089900108990013,2.539999153999916,-1.4000000000000001,,
,,2023-10-07,,,,,,1,0,16,9,5,0.3333333333333333,4.333333333333333,0,0.9010899090108991,2.9539999195399993,-1.2,,
,,2023-10-21,,,,,,1,1,16,13,5,0.6666666666666666,2.3333333333333335,13,0.990108990990109,2.0953999910954,-0.7999999999999999,,
,,2023-10-28,,,,,,1,0,16,0,5,0.6666666666666666,3.3333333333333335,0,0.09901089900990119,4.709539999370954,-3.4,,
,,2023-11-04,,,,,,0,1,16,19,5,1.0,2.6666666666666665,19,1.809901089918099,1.3709539999037101,-0.3999999999999999,,
,,2023-11-12,,,,,,2,0,16,4,6,1.0,2.3333333333333335,0,1.080990108991081,1.0370953999900372,-0.3999999999999999,,
,,2023-11-25,,,,,,1,1,16,2,5,1.3333333333333333,1.6666666666666667,2,1.0080990108991008,2.80370953999918,-1.4,,
,,2023-12-02,,,,,,1,0,16,5,5,0.6666666666666666,3.0,0,0.10080990108990111,4.780370953999937,-1.2,,
,,2023-12-06,,,,,,1,1,16,10,2,0.3333333333333333,3.3333333333333335,10,0.010080990108990029,2.2780370953999913,-1.5999999999999999,,
,,2023-12-09,,,,,,0,1,16,3,5,0.3333333333333333,2.3333333333333335,3,0.9010080990108991,0.22780370953999912,-1.7999999999999998,,
,,2023-12-16,,,,,,1,0,16,6,5,0.3333333333333333,1.3333333333333333,0,0.09010080990108998,1.822780370954,-2.4,,
,,2023-12-22,,,,,,2,0,16,1,4,0.6666666666666666,1.0,0,0.909010080990109,1.0822780370954002,-2.2,,
,,2023-12-26,,,,,,1,1,16,11,1,1.0,2.0,11,1.890901008099011,2.80822780370954,-0.8,,
,,2023-12-30,,,,,,1,0,16,12,5,1.0,2.0,0,0.18909010080990127,2.080822780370954,-2.2,,
,,2024-01-21,,,,,,2,1,16,18,6,1.3333333333333333,2.3333333333333335,18,1.81890901008099,2.0080822780370955,-1.2000000000000002,,
,,2024-01-30,,,,,,1,0,16,7,1,1.3333333333333333,2.3333333333333335,0,1.981890901008099,2.9008082278037097,-0.6000000000000001,,
,,2024-02-03,,,,,,1,1,16,1,5,1.3333333333333333,3.3333333333333335,1,0.19818909010081007,4.7900808227803715,-1.8,,
,,2024-02-10,,,,,,0,0,16,11,5,1.6666666666666667,3.0,0,2.719818909010081,1.3790080822780375,0.0,,
,,2024-02-18,,,,,,1,1,16,4,6,1.0,3.6666666666666665,4,0.2719818909010083,4.637900808227804,-0.20000000000000018,,
,,2024-02-25,,,,,,1,0,16,19,6,1.0,2.3333333333333335,0,0.02719818909010086,1.3637900808227807,-0.19999999999999996,,
,,2024-03-04,,,,,,1,1,16,0,0,0.0,4.0,0,0.0027198189090100883,5.536379008082278,-3.6,,
,,2024-03-09,,,,,,2,0,16,2,5,0.6666666666666666,3.0,0,1.800271981890901,2.353637900808228,-1.0,,
,,2024-03-30,,,,,,2,1,16,9,5,1.6666666666666667,3.6666666666666665,9,2.88002719818909,2.935363790080823,-1.4,,
,,2024-04-04,,,,,,1,0,16,10,3,2.0,2.6666666666666665,0,1.1880027198189094,2.9935363790080824,-1.5999999999999999,,
,,2024-04-07,,,,,,2,1,16,6,6,2.0,2.6666666666666665,6,1.918800271981891,2.0993536379008084,-1.0,,
,,2024-04-13,,,,,,1,0,16,3,5,1.0,2.3333333333333335,0,0.19188002719818928,2.0099353637900808,-0.6000000000000001,,
,,2024-04-20,,,,,,1,1,16,5,5,1.0,2.6666666666666665,5,0.9191880027198189,3.800993536379008,-1.2000000000000002,,
,,2024-04-24,,,,,,1,0,16,13,2,1.0,3.3333333333333335,0,1.891918800271982,3.980099353637901,-0.8,,
,,2024-04-27,,,,,,1,0,16,14,5,1.3333333333333333,4.333333333333333,0,1.0891918800271982,4.898009935363791,-3.3999999999999995,,
,,2024-05-04,,,,,,1,1,16,15,5,1.3333333333333333,4.0,15,1.00891918800272,3.1898009935363794,-0.8,,
,,2024-05-11,,,,,,1,0,16,8,5,0.6666666666666666,3.0,0,0.10089191880027208,1.2189800993536382,-0.3999999999999999,,
,,2024-05-19,,,,,,1,1,16,17,6,0.3333333333333333,2.3333333333333335,17,0.010089191880027219,2.8218980099353637,-1.9999999999999998,,
